text,text1,lemma1,text2,lemma2,text3,lemma3
das,de,de,as,o,,
DA,DE,de,A,o,,
na,em,em,a,o,,
Pelo,Por,por,o,o,,
pelo,por,por,o,o,,
do,de,de,o,o,,
ao,a,a,o,o,,
no,em,em,o,o,,
às,a,a,as,o,,
da,de,de,a,o,,
dão-se,dão,dar,se,se,,
fala-se,fala,falar,se,se,,
Do,De,de,o,o,,
dos,de,de,os,o,,
à,a,a,a,o,,
pela,por,por,a,o,,
da,de,de,a,ela,,
No,Em,em,o,o,,
numa,em,em,uma,um,,
pelas,por,por,as,o,,
dele,de,de,ele,ele,,
aos,a,a,os,o,,
Dos,De,de,os,o,,
Da,De,de,a,o,,
deles,de,de,eles,eles,,
desta,de,de,esta,este,,
pelos,por,por,os,o,,
Na,Em,em,a,o,,
nos,em,em,os,o,,
Trata-se,Trata,tratar,se,se,,
Ao,A,a,o,o,,
nesta,em,em,esta,este,,
quebrar-lo,quebrar,quebrar,lo,ele,,
desse,de,de,esse,esse,,
convencê-los,convencê,convencer,los,eles,,
dela,de,de,ela,ela,,
à,a,a,a,ela,,
Passaram-se,Passaram,passar,se,se,,
num,em,em,um,um,,
delas,de,de,elas,ele,,
atendê-los,atendê,atender,los,eles,,
nas,em,em,as,o,,
neste,em,em,este,este,,
nesses,em,em,esses,esse,,
confirma-se,confirma,confirmar,se,se,,
dessa,de,de,essa,esse,,
promovendo-se,promovendo,promover,se,se,,
daí,de,de,aí,aí,,
disso,de,de,isso,isso,,
deste,de,de,este,este,,
daqueles,de,de,aqueles,aquele,,
À,A,a,a,o,,
nele,em,em,ele,ele,,
Acabou-se,Acabou,acabar,se,se,,
Nessa,Em,em,essa,esse,,
mobilizar-se,mobilizar,mobilizar,se,se,,
nestas,em,em,estas,este,,
agrada-me,agrada,agradar,me,eu,,
nesse,em,em,esse,esse,,
demitiu-se,demitiu,demitir,se,se,,
pode-se,pode,poder,se,se,,
verificar-se,verificar,verificar,se,se,,
revela-se,revela,revelar,se,se,,
recandidatar-se,recandidatar,recandidatar,se,se,,
reuniu-se,reuniu,reunir,se,se,,
Daí,De,de,aí,aí,,
impôs-se,impôs,impor,se,se,,
Agarrou-se,Agarrou,agarrar,se,se,,
destas,de,de,estas,este,,
Desse,De,de,esse,esse,,
Poder-se-á,Poderá,poder,se,se,,
sendo-se,sendo,ser,se,se,,
Nas,Em,em,as,o,,
Vejam-se,Vejam,ver,se,se,,
Nestas,Em,em,estas,este,,
consegue-o,consegue,conseguir,o,o,,
fá-lo,fá,faver,lo,ele,,
mostrar-nos,mostrar,mostrar,nos,nós,,
pela,por,por,a,ela,,
Neste,Em,em,este,este,,
opor-se,opor,opor,se,se,,
disto,de,de,isto,isto,,
proporcionar-lhe,proporcionar,proporcionar,lhe,ele,,
iniciou-se,iniciou,iniciar,se,se,,
fazia-se,fazia,fazer,se,se,,
citem-se,citem,citar,se,se,,
Tendo-se,Tendo,ter,se,se,,
reúne-se,reúne,reunir,se,se,,
deram-se,deram,dar,se,se,,
daquelas,de,de,aquelas,aquele,,
debater-se,debater,debater,se,se,,
Esperam-se,Esperam,esperar,se,se,,
desenvolve-se,desenvolve,desenvolver,se,se,,
Às,A,a,as,o,,
pensar-se,pensar,pensar,se,se,,
dum,de,de,um,um,,
Numa,Em,em,uma,um,,
perdeu-se,perdeu,perder,se,se,,
torná-la,torná,tornar,la,ela,,
destes,de,de,estes,este,,
Recorde-se,Recorde,recordar,se,se,,
trata-se,trata,tratar,se,se,,
lê-se,lê,ler,se,se,,
refere-se,refere,referir,se,se,,
àqueles,a,a,aqueles,aquele,,
queixa-se,queixa,queixar,se,se,,
sustenta-se,sustenta,sustentar,se,se,,
interroga-se,interroga,interrogar,se,se,,
Aguarda-se,Aguarda,aguardar,se,se,,
Sustêm-se,Sustêm,sustir,se,se,,
Aos,A,a,os,o,,
encontram-se,encontram,encontrar,se,se,,
Num,Em,em,um,um,,
custaram-lhe,custaram,custar,lhe,ele,,
Reencontrou-se,Reencontrou,reencontrar,se,se,,
referia-se,referia,referir,se,se,,
nessa,em,em,essa,esse,,
Nos,Em,em,os,o,,
daquela,de,de,aquela,aquele,,
apresentá-lo,apresentá,apresentar,lo,ele,,
portava-se,portava,portar,se,se,,
Aproximou-se,Aproximou,aproximar,se,se,,
Subiram-lhe,Subiram,subir,lhe,ele,,
esquivou-se,esquivou,esquivar,se,se,,
convidou-o,convidou,convidar,o,o,,
seguindo-se,seguindo,seguir,se,se,,
deslocar-se,deslocar,deslocar,se,se,,
disse-nos,disse,dizer,nos,nós,,
mostrou-se,mostrou,mostrar,se,se,,
nestes,em,em,estes,este,,
revelou-se,revelou,revelar,se,se,,
Fazia-se,Fazia,fazer,se,se,,
simplificam-se,simplificam,simplificar,se,se,,
tratando-se,tratando,tratar,se,se,,
lhe,le,le,he,eu,,
deslocou-se,deslocou,deslocar,se,se,,
dizê-lo,dizê,dizer,lo,ele,,
justifica-se,justifica,justificar,se,se,,
aliou-se,aliou,aliar,se,se,,
reconhecendo-se,reconhecendo,reconhecer,se,se,,
ele,er,er,e,e,,
àquela,a,a,aquela,aquele,,
propõem-se,propõem,propor,se,se,,
envolver-se,envolver,envolver,se,se,,
naquele,em,em,aquele,aquele,,
Iniciei-me,Iniciei,iniciar,me,eu,,
dediquei-me,dediquei,dedicar,me,eu,,
segui-lhe,segui,seguir,lhe,ele,,
noutro,em,em,outro,outro,,
saldaram-se,saldaram,saldar,se,se,,
explica-se,explica,explicar,se,se,,
escusou-se,escusou,escusar,se,se,,
transformarem-se,transformarem,transformar,se,se,,
Pela,Por,por,a,o,,
Veja-se,Veja,ver,se,se,,
privilegia-se,privilegia,privilegiar,se,se,,
ilustrá-lo,ilustrá,ilustrar,lo,ele,,
causa-me,causa,causar,me,eu,,
debruçar-se,debruçar,debruçar,se,se,,
mostram-nos,mostram,mostrar,nos,nós,,
dessas,de,de,essas,esse,,
mantê-los,mantê,manter,los,eles,,
NO,EM,em,O,o,,
aprova-se,aprova,aprovar,se,se,,
negocia-se,negocia,negociar,se,se,,
mostrando-se,mostrando,mostrar,se,se,,
DO,DE,de,O,o,,
tê-la,tê,ter,la,ela,,
Pode-se,Pode,poder,se,se,,
distribuí-los,distribuí,distribuir,los,eles,,
provocou-me,provocou,provocar,me,eu,,
confrontando-se,confrontando,confrontar,se,se,,
daquele,de,de,aquele,aquele,,
comunicou-lhe,comunicou,comunicar,lhe,ele,,
nela,em,em,ela,ela,,
dirigiu-se,dirigiu,dirigir,se,se,,
Pelas,Por,por,as,o,,
naquela,em,em,aquela,aquele,,
desses,de,de,esses,esse,,
Penthouse,Penthou,Penthou,se,se,,
produzí-lo,produzí,produzir,lo,ele,,
tornara-se,tornara,tornar,se,se,,
convertera-se,convertera,converter,se,se,,
depara-se,depara,deparar,se,se,,
encontra-se,encontra,encontrar,se,se,,
acariciar-lhe,acariciar,acariciar,lhe,ele,,
limitou-se,limitou,limitar,se,se,,
Nesta,Em,em,esta,este,,
diga-se,diga,dizer,se,se,,
aí,a,a,aí,aí,,
referindo-se,referindo,referir,se,se,,
divulgá-las,divulgá,divulgar,las,elas,,
localizá-lo,localizá,localizar,lo,ele,,
nisto,em,em,isto,isto,,
coordená-la,coordená,coordenar,la,ela,,
Deve-se,Deve,dever,se,se,,
nulos,em,em,ulos,ulo,,
arriscar-me,arriscar,arriscar,me,eu,,
Entregar-se,Entregar,entregar,se,se,,
medi-lo,medi,medir,lo,ele,,
leva-os,leva,levar,os,o,,
tê-lo,tê,ter,lo,ele,,
incluindo-se,incluindo,incluir,se,se,,
baseia-se,baseia,basear,se,se,,
acode-nos,acode,acudir,nos,nós,,
dá-nos,dá,dar,nos,nós,,
deve-se,deve,dever,se,se,,
nessas,em,em,essas,esse,,
encerram-se,encerram,encerrar,se,se,,
submeter-se,submeter,submeter,se,se,,
reintegrá-lo,reintegrá,reintegrar,lo,ele,,
Nesse,Em,em,esse,esse,,
Desculpe-se,Desculpe,desculpar,se,se,,
esboça-se,esboça,esboçar,se,se,,
render-se,render,render,se,se,,
DOS,DE,de,OS,o,,
dali,de,de,ali,ali,,
Tome-se,Tome,tomar,se,se,,
Afirma-o,Afirma,afirmar,o,o,,
aplica-se,aplica,aplicar,se,se,,
avalia-se,avalia,avaliar,se,se,,
assustou-se,assustou,assustar,se,se,,
aprová-lo,aprová,aprovar,lo,ele,,
nelas,em,em,elas,ele,,
estendendo-a,estendendo,estender,a,ela,,
abstraindo-se,abstraindo,abstrair,se,se,,
estima-se,estima,estimar,se,se,,
aprofundou-se,aprofundou,aprofundar,se,se,,
Los,Lm,Lm,os,o,,
daqui,de,de,aqui,aqui,,
Naquele,Em,em,aquele,aquele,,
revelaram-se,revelaram,revelar,se,se,,
acirrou-se,acirrou,acirrar,se,se,,
incluiam-se,incluiam,incluir,se,se,,
pré-64,pré,pré,64,64,,
torna-se,torna,tornar,se,se,,
fazê-los,fazê,fazer,los,eles,,
eles,em,em,es,eles,,
Somando-se,Somando,somar,se,se,,
chega-se,chega,chegar,se,se,,
destacam-se,destacam,destacar,se,se,,
daquilo,de,de,aquilo,aquilo,,
juntou-se,juntou,juntar,se,se,,
apanhá-los,apanhá,apanhar,los,eles,,
naquilo,em,em,aquilo,aquilo,,
verifica-se,verifica,verificar,se,se,,
vaciná-la,vaciná,vacinar,la,ela,,
fazê-lo,fazê,fazer,lo,ele,,
institucionalizou-se,institucionalizou,institucionalizar,se,se,,
convidando-os,convidando,convidar,os,o,,
destroçá-la,destroçá,destroçar,la,ela,,
levou-o,levou,levar,o,o,,
Nela,Em,em,ela,ela,,
rebelar-se,rebelar,rebelar,se,se,,
trocando-os,trocando,trocar,os,o,,
desagradá-la,desagradá,desagradar,la,ela,,
leia-se,leia,ler,se,se,,
coligou-se,coligou,coligar,se,se,,
tornando-as,tornando,tornar,as,o,,
Tratava-se,Tratava,tratar,se,se,,
Tratavam-se,Tratavam,tratar,se,se,,
arrastá-la,arrastá,arrastar,la,ela,,
cumprí-la,cumprí,cumprir,la,ela,,
ter-se,ter,ter,se,se,,
encerrou-se,encerrou,encerrar,se,se,,
chama-se,chama,chamar,se,se,,
nomeá-lo,nomeá,nomear,lo,ele,,
Inspira-se,Inspira,inspirar,se,se,,
apunha-lhe,apunha,apor,lhe,ele,,
irritou-se,irritou,irritar,se,se,,
tornar-se,tornar,tornar,se,se,,
dando-lhe,dando,dar,lhe,ele,,
encontramo-nos,encontramo,encontrar,nos,nós,,
juntar-se,juntar,juntar,se,se,,
especializarem-se,especializarem,especializar,se,se,,
Encomendem-nos,Encomendem,encomendar,nos,nós,,
compõe-se,compõe,compor,se,se,,
destinam-se,destinam,destinar,se,se,,
destina-se,destina,destinar,se,se,,
inspira-se,inspira,inspirar,se,se,,
adaptar-se,adaptar,adaptar,se,se,,
é-o,é,ser,o,o,,
apresentar-se,apresentar,apresentar,se,se,,
dividiu-se,dividiu,dividir,se,se,,
convencionou-se,convencionou,convencionar,se,se,,
Sabe-se,Sabe,saber,se,se,,
Registe-se,Registe,registar,se,se,,
recorde-se,recorde,recordar,se,se,,
apercebeu-se,apercebeu,aperceber,se,se,,
aponta-lhe,aponta,apontar,lhe,ele,,
Recomenda-se,Recomenda,recomendar,se,se,,
chamam-na,chamam,chamar,na,ela,,
ir-se,ir,ir,se,se,,
registar-se,registar,registar,se,se,,
concretizar-se,concretizar,concretizar,se,se,,
far-se-á,fará,fazer,se,se,,
manter-se,manter,manter,se,se,,
adequa-se,adequa,adequar,se,se,,
colocam-se,colocam,colocar,se,se,,
esperando-se,esperando,esperar,se,se,,
Dizia-se,Dizia,dizer,se,se,,
destaca-se,destaca,destacar,se,se,,
Movimentaram-se,Movimentaram,movimentar,se,se,,
situar-se,situar,situar,se,se,,
noticiava-se,noticiava,noticiar,se,se,,
inclina-se,inclina,inclinar,se,se,,
substituí-lo,substituí,substituir,lo,ele,,
fecha-se,fecha,fechar,se,se,,
iniciaram-se,iniciaram,iniciar,se,se,,
incorporá-lo,incorporá,incorporar,lo,ele,,
tornou-se,tornou,tornar,se,se,,
manipularam-se,manipularam,manipular,se,se,,
vendem-se,vendem,vender,se,se,,
realizar-se,realizar,realizar,se,se,,
tem-se,tem,ter,se,se,,
atenuar-lhes,atenuar,atenuar,lhes,eles,,
assinava-se,assinava,assinar,se,se,,
deu-lhe,deu,dar,lhe,ele,,
lhe,le,le,he,he,,
perguntou-lhe,perguntou,perguntar,lhe,ele,,
ela,er,er,a,ela,,
decidiu-se,decidiu,decidir,se,se,,
tendo-lhe,tendo,ter,lhe,ele,,
recriando-se,recriando,recriar,se,se,,
ficou-nos,ficou,ficar,nos,nós,,
há-de,há,haver,de,de,,
tornaram-se,tornaram,tornar,se,se,,
Apaixonou-se,Apaixonou,apaixonar,se,se,,
Apraz-nos,Apraz,aprazer,nos,nós,,
Enganei-me,Enganei,enganar,me,eu,,
libertar-se,libertar,libertar,se,se,,
paralisá-la,paralisá,paralisar,la,ela,,
Parte-se,Parte,partir,se,se,,
arriscamo-nos,arriscamo,arriscar,nos,nós,,
lhes,le,le,hes,hes,,
reúnem-se,reúnem,reunir,se,se,,
escapar-se,escapar,escapar,se,se,,
prestou-as,prestou,prestar,as,o,,
Abraça-se,Abraça,abraçar,se,se,,
diz-lhe,diz,dizer,lhe,ele,,
abraça-o,abraça,abraçar,o,o,,
fazem-se,fazem,fazer,se,se,,
contratou-o,contratou,contratar,o,o,,
trouxe-o,trouxe,trazer,o,o,,
treiná-lo,treiná,treinar,lo,ele,,
descobriu-o,descobriu,descobrir,o,o,,
traduziu-o,traduziu,traduzir,o,o,,
prefaciou-o,prefaciou,prefaciar,o,o,,
ilustrou-o,ilustrou,ilustrar,o,o,,
faltava-lhes,faltava,faltar,lhes,eles,,
relatar-lhe,relatar,relatar,lhe,ele,,
traduziram-se,traduziram,traduzir,se,se,,
estreou-se,estreou,estrear,se,se,,
Bateu-se,Bateu,bater,se,se,,
ganhou-lhes,ganhou,ganhar,lhes,eles,,
bateu-me,bateu,bater,me,eu,,
Pediram-me,Pediram,pedir,me,eu,,
Tratando-se,Tratando,tratar,se,se,,
recorrendo-se,recorrendo,recorrer,se,se,,
lançá-la,lançá,lançar,la,ela,,
manter-los,manter,manter,los,eles,,
àquele,a,a,aquele,aquele,,
Ata-me,Ata,Ata,me,me,,
anunciava-se,anunciava,anunciar,se,se,,
mantivemo-nos,mantivemo,manter,nos,nós,,
destaque-se,destaque,destacar,se,se,,
Fala-se,Fala,falar,se,se,,
pronunciar-se,pronunciar,pronunciar,se,se,,
apresentou-se,apresentou,apresentar,se,se,,
intrometer-se,intrometer,intrometer,se,se,,
atribuir-lhe,atribuir,atribuir,lhe,ele,,
tinham-se,tinham,ter,se,se,,
demitir-me,demitir,demitir,me,eu,,
procurar-se,procurar,procurar,se,se,,
portar-se,portar,portar,se,se,,
Chamaram-se,Chamaram,chamar,se,se,,
Debate-se,Debate,debater,se,se,,
encontravam-se,encontravam,encontrar,se,se,,
distribuíu-se,distribuíu,distribuir,se,se,,
suicidar-se,suicidar,suicidar,se,se,,
evadiram-se,evadiram,evadir,se,se,,
demitir-se,demitir,demitir,se,se,,
coloca-o,coloca,colocar,o,o,,
manifestar-se,manifestar,manifestar,se,se,,
Atende-se,Atende,atender,se,se,,
autoriza-se,autoriza,autorizar,se,se,,
arranja-se,arranja,arranjar,se,se,,
Constata-se,Constata,constatar,se,se,,
apresenta-se,apresenta,apresentar,se,se,,
mover-se,mover,mover,se,se,,
revelar-se,revelar,revelar,se,se,,
transformar-se,transformar,transformar,se,se,,
limitam-se,limitam,limitar,se,se,,
resolvê-la,resolvê,resolver,la,ela,,
Percebe-se,Percebe,perceber,se,se,,
animam-se,animam,animar,se,se,,
sucedem-se,sucedem,suceder,se,se,,
centrar-se-á,centrará,centrar,se,se,,
tenta-se,tenta,tentar,se,se,,
cria-se,cria,criar,se,se,,
trabalha-se,trabalha,trabalhar,se,se,,
Ei-lo,Eis,ser,lo,ele,,
tornando-se,tornando,tornar,se,se,,
juntar-se-ão,juntarão,juntar,se,se,,
passou-se,passou,passar,se,se,,
Apaixonei-me,Apaixonei,apaixonar,me,eu,,
respondeu-me,respondeu,responder,me,eu,,
escutar-se,escutar,escutar,se,se,,
apresentaram-se,apresentaram,apresentar,se,se,,
manteve-se,manteve,manter,se,se,,
conclui-a,conclui,concluir,a,ela,,
deparam-se,deparam,deparar,se,se,,
deu-se,deu,dar,se,se,,
atravessou-se,atravessou,atravessar,se,se,,
pensa-se,pensa,pensar,se,se,,
espera-se,espera,esperar,se,se,,
Parece-me,Parece,parecer,me,eu,,
dirigir-se,dirigir,dirigir,se,se,,
situando-se,situando,situar,se,se,,
verificou-se,verificou,verificar,se,se,,
nacionalizá-lo,nacionalizá,nacionalizar,lo,ele,,
conservá-lo,conservá,conservar,lo,ele,,
regozija-se,regozija,regozijar,se,se,,
acrescentou-lhe,acrescentou,acrescentar,lhe,ele,,
duma,de,de,uma,um,,
vou-me,vou,ir,me,eu,,
degradar-se,degradar,degradar,se,se,,
evidenciar-se,evidenciar,evidenciar,se,se,,
permitir-lhe,permitir,permitir,lhe,ele,,
manifestam-se,manifestam,manifestar,se,se,,
manifestaram-se,manifestaram,manifestar,se,se,,
transaccionava-se,transaccionava,transaccionar,se,se,,
des,de,de,es,es,,
a,a,a,a,o,,
substitui-lo,substitui,substituir,lo,ele,,
valorizando-a,valorizando,valorizar,a,ela,,
juntarão-se,juntarão,juntar,se,se,,
Revê-se,Revê,rever,se,se,,
pele,por,por,e,e,,
Usou-o,Usou,usar,o,o,,
apresenta-se-lhe,apresenta,apresentar,se,se,lhe,ele
senta-se,senta,sentar,se,se,,
levá-las,levá,levar,las,elas,,
recordar-lhe,recordar,recordar,lhe,ele,,
Recordou-lhe,Recordou,recordar,lhe,ele,,
seguiam-na,seguiam,seguir,na,ela,,
dar-lhe,dar,dar,lhe,ele,,
revê-la,revê,rever,la,ela,,
abraçá-la,abraçá,abraçar,la,ela,,
lembra-se,lembra,lembrar,se,se,,
pergunta-lhe,pergunta,perguntar,lhe,ele,,
deu-me,deu,dar,me,eu,,
encontrá-la,encontrá,encontrar,la,ela,,
Diga-se,Diga,dizer,se,se,,
lembrando-se,lembrando,lembrar,se,se,,
basta-nos,basta,bastar,nos,nós,,
conclui-se,conclui,concluir,se,se,,
seguir-se,seguir,seguir,se,se,,
sinto-me,sinto,sentir,me,eu,,
limita-se,limita,limitar,se,se,,
noutras,em,em,outras,outro,,
Pense-se,Pense,pensar,se,se,,
obtém-se,obtém,obter,se,se,,
preparar-se,preparar,preparar,se,se,,
mantém-se,mantém,manter,se,se,,
mostra-se,mostra,mostrar,se,se,,
Encontram-se,Encontram,encontrar,se,se,,
visitá-la,visitá,visitar,la,ela,,
deslocando-se,deslocando,deslocar,se,se,,
numas,em,em,umas,um,,
destinava-se,destinava,destinar,se,se,,
Espera-se,Espera,esperar,se,se,,
acentuando-se,acentuando,acentuar,se,se,,
Deste,De,de,este,este,,
fez-se,fez,fazer,se,se,,
Antevi-me,Antevi,antever,me,eu,,
contaram-me,contaram,contar,me,eu,,
insere-se,insere,inserir,se,se,,
escreve-se,escreve,escrever,se,se,,
trair-vos,trair,trair,vos,vós,,
impondo-se,impondo,impor,se,se,,
instalar-se,instalar,instalar,se,se,,
referir-se,referir,referir,se,se,,
redimiu-se,redimiu,redimir,se,se,,
Lidou-se,Lidou,lidar,se,se,,
permitiram-lhe,permitiram,permitir,lhe,ele,,
desvincular-se,desvincular,desvincular,se,se,,
aproveitam-se,aproveitam,aproveitar,se,se,,
sentaram-se,sentaram,sentar,se,se,,
avança-se,avança,avançar,se,se,,
Estabelece-se,Estabelece,estabelecer,se,se,,
Consagra-se,Consagra,consagrar,se,se,,
dividem-se,dividem,dividir,se,se,,
lembrou-se,lembrou,lembrar,se,se,,
Peço-lhes,Peço,pedir,lhes,eles,,
candidata-se,candidata,candidatar,se,se,,
livrarmo-nos,livrarmo,livrar,nos,nós,,
reuniram-se,reuniram,reunir,se,se,,
perfilam-se,perfilam,perfilar,se,se,,
disputar-se,disputar,disputar,se,se,,
sentar-se,sentar,sentar,se,se,,
dificultando-lhe,dificultando,dificultar,lhe,ele,,
ser-se,ser,ser,se,se,,
refugiou-se,refugiou,refugiar,se,se,,
faltou-lhes,faltou,faltar,lhes,eles,,
servindo-se,servindo,servir,se,se,,
fazem-no,fazem,fazer,no,ele,,
exagerou-se,exagerou,exagerar,se,se,,
Abriu-se,Abriu,abrir,se,se,,
auto-excluiu-se,auto-excluiu,auto-excluir,se,se,,
inquietam-se,inquietam,inquietar,se,se,,
apreciar-se,apreciar,apreciar,se,se,,
aliam-se,aliam,aliar,se,se,,
reunir-se,reunir,reunir,se,se,,
constata-se,constata,constatar,se,se,,
viam-se,viam,ver,se,se,,
Das,De,de,as,o,,
vê-se,vê,ver,se,se,,
Calcula-se,Calcula,calcular,se,se,,
dedicam-se,dedicam,dedicar,se,se,,
digo-lhe,digo,dizer,lhe,ele,,
autoparodiar-se,autoparodiar,autoparodiar,se,se,,
prejudica-me,prejudica,prejudicar,me,eu,,
acentua-se,acentua,acentuar,se,se,,
sabendo-se,sabendo,saber,se,se,,
curvei-me,curvei,curvar,me,eu,,
Das,De,De,as,o,,
disse-se,disse,dizer,se,se,,
suscitam-me,suscitam,suscitar,me,eu,,
repartir-se,repartir,repartir,se,se,,
prepare-se,prepare,preparar,se,se,,
venderam-se,venderam,vender,se,se,,
encontraram-se,encontraram,encontrar,se,se,,
encontrou-se,encontrou,encontrar,se,se,,
doutorou-se,doutorou,doutorar,se,se,,
Rodeaste-te,Rodeaste,rodear,te,tu,,
detectaram-se,detectaram,detectar,se,se,,
custa-nos,custa,custar,nos,nós,,
Nesses,Em,em,esses,esse,,
aproximou-se,aproximou,aproximar,se,se,,
devolvendo-o,devolvendo,devolver,o,o,,
foi-se,foi,ser,se,se,,
Deitou-lhe,Deitou,deitar,lhe,ele,,
bater-lhe,bater,bater,lhe,ele,,
Cortou-lhe,Cortou,cortar,lhe,ele,,
Depenou-a,Depenou,depenar,a,ela,,
foi-se,foi,ir,se,se,,
levantaram-se,levantaram,levantar,se,se,,
Leu-se,Leu,ler,se,se,,
cantou-se,cantou,cantar,se,se,,
juntem-se,juntem,juntar,se,se,,
continuá-la,continuá,continuar,la,ela,,
roubá-la,roubá,roubar,la,ela,,
proceder-se-á,procederá,proceder,se,se,,
Via-se,Via,ver,se,se,,
chamou-o,chamou,chamar,o,o,,
vende-las,vende,vender,las,elas,,
registou-se,registou,registar,se,se,,
tinha-se,tinha,ter,se,se,,
Pedia-se,Pedia,pedir,se,se,,
deslocarem-se,deslocarem,deslocar,se,se,,
propõem-nos,propõem,propor,nos,nós,,
desvalorizar-se,desvalorizar,desvalorizar,se,se,,
inteirar-se,inteirar,inteirar,se,se,,
ocupava-se,ocupava,ocupar,se,se,,
Suicidou-se,Suicidou,suicidar,se,se,,
encontravam-no,encontravam,encontrar,no,ele,,
reconheceu-me,reconheceu,reconhecer,me,eu,,
Deu-me,Deu,dar,me,eu,,
sossegou-me,sossegou,sossegar,me,eu,,
Levaram-me,Levaram,levar,me,eu,,
levar-me,levar,levar,me,eu,,
abriram-me,abriram,abrir,me,eu,,
fizeram-me,fizeram,fazer,me,eu,,
recusando-se,recusando,recusar,se,se,,
completam-se,completam,completar,se,se,,
abster-se,abster,abster,se,se,,
Referem-se,Referem,referir,se,se,,
elas,em,em,as,o,,
acentuar-se,acentuar,acentuar,se,se,,
opondo-se,opondo,opor,se,se,,
distancia-se,distancia,distanciar,se,se,,
inscrever-se,inscrever,inscrever,se,se,,
dividir-se,dividir,dividir,se,se,,
dever-se,dever,dever,se,se,,
infectaram-nos,infectaram,infectar,nos,nós,,
Tratar-se-á,Tratará,tratar,se,se,,
inicia-se,inicia,iniciar,se,se,,
contam-se,contam,contar,se,se,,
Assinale-se,Assinale,assinalar,se,se,,
chateando-se,chateando,chatear,se,se,,
inverte-se,inverte,inverter,se,se,,
circular-se,circular,circular,se,se,,
circulando-se,circulando,circular,se,se,,
Segue-se,Segue,seguir,se,se,,
confirmarem-se,confirmarem,confirmar,se,se,,
envolveram-se,envolveram,envolver,se,se,,
trocando-o,trocando,trocar,o,o,,
interrogar-nos,interrogar,interrogar,nos,nós,,
chamou-se,chamou,chamar,se,se,,
classificar-se,classificar,classificar,se,se,,
cotando-se,cotando,cotar,se,se,,
fixar-se,fixar,fixar,se,se,,
intermediaram-se,intermediaram,intermediar,se,se,,
optou-se,optou,optar,se,se,,
passa-se,passa,passar,se,se,,
Sofrem-nas,Sofrem,sofrer,nas,elas,,
encaram-nas,encaram,encarar,nas,elas,,
respondem-lhes,respondem,responder,lhes,eles,,
prende-se,prende,prender,se,se,,
citam-se,citam,citar,se,se,,
adiantou-nos,adiantou,adiantar,nos,nós,,
declarou-nos,declarou,declarar,nos,nós,,
apaixonarem-se,apaixonarem,apaixonar,se,se,,
tratar-se,tratar,tratar,se,se,,
neles,em,em,eles,eles,,
explicava-se,explicava,explicar,se,se,,
arrisca-se,arrisca,arriscar,se,se,,
realizaram-se,realizaram,realizar,se,se,,
sofrê-la,sofrê,sofrer,la,ela,,
acumulam-se,acumulam,acumular,se,se,,
ver-se-é,verá,ver,se,se,,
Sobem-se,Sobem,subir,se,se,,
descem-se,descem,descer,se,se,,
serviu-se,serviu,servir,se,se,,
interrompê-la,interrompê,interromper,la,ela,,
esboroar-se,esboroar,esboroar,se,se,,
excluindo-se,excluindo,excluir,se,se,,
refugio-me,refugio,refugiar,me,eu,,
dão-lhes,dão,dar,lhes,eles,,
repetem-se,repetem,repetir,se,se,,
declarar-se,declarar,declarar,se,se,,
queixam-se,queixam,queixar,se,se,,
considerar-se,considerar,considerar,se,se,,
aguentar-se,aguentar,agüentar,se,se,,
serve-se,serve,servir,se,se,,
cruzam-se,cruzam,cruzar,se,se,,
fundem-se,fundem,fundir,se,se,,
confirmar-se,confirmar,confirmar,se,se,,
aproxima-se,aproxima,aproximar,se,se,,
manifestando-se,manifestando,manifestar,se,se,,
posiciona-se,posiciona,posicionar,se,se,,
permitir-lhe-ia,permitiria,permitir,lhe,ele,,
Seguir-se-ia,Seguiria,seguir,se,se,,
preocupar-se,preocupar,preocupar,se,se,,
imprimir-lhes,imprimir,imprimir,lhes,eles,,
amá-lo,amá,amar,lo,ele,,
roubar-lhe,roubar,roubar,lhe,ele,,
seja-se,seja,ser,se,se,,
realiza-se,realiza,realizar,se,se,,
presume-se,presume,presumir,se,se,,
depararam-se,depararam,deparar,se,se,,
ficar-se-á,ficará,ficar,se,se,,
formou-se,formou,formar,se,se,,
dá-lhe,dá,dar,lhe,ele,,
Las,Lm,Lm,as,o,,
confirma-a,confirma,confirmar,a,ela,,
atribuindo-o,atribuindo,atribuir,o,o,,
dizendo-lhe,dizendo,dizer,lhe,ele,,
atirando-lhe,atirando,atirar,lhe,ele,,
dividiam-se,dividiam,dividir,se,se,,
reacender-se,reacender,reacender,se,se,,
retirar-nos,retirar,retirar,nos,nós,,
respondem-me,respondem,responder,me,eu,,
queixou-se,queixou,queixar,se,se,,
impede-a,impede,impedir,a,ela,,
entregam-se,entregam,entregar,se,se,,
telefonaram-me,telefonaram,telefonar,me,eu,,
responde-nos,responde,responder,nos,nós,,
fornecer-lhe,fornecer,fornecer,lhe,ele,,
tratava-se,tratava,tratar,se,se,,
encontrava-se,encontrava,encontrar,se,se,,
exigiam-lhe,exigiam,exigir,lhe,ele,,
fazer-lhe,fazer,fazer,lhe,ele,,
oferecendo-lhe,oferecendo,oferecer,lhe,ele,,
tirava-as,tirava,tirar,as,o,,
comprometeu-se,comprometeu,comprometer,se,se,,
Adivinha-se,Adivinha,adivinhar,se,se,,
aquele,a,a,aquele,aquele,,
Vê-se,Vê,ver,se,se,,
nisso,em,em,isso,isso,,
executá-los,executá,executar,los,eles,,
orgulhar-se,orgulhar,orgulhar,se,se,,
processar-se-á,processará,processar,se,se,,
fazer-me,fazer,fazer,me,eu,,
Diz-se,Diz,dizer,se,se,,
aproximando-se,aproximando,aproximar,se,se,,
o,a,a,o,o,,
valorizou-se,valorizou,valorizar,se,se,,
cotar-se,cotar,cotar,se,se,,
torná-lo,torná,tornar,lo,ele,,
descreve-se,descreve,descrever,se,se,,
elevou-se,elevou,elevar,se,se,,
chamando-lhe,chamando,chamar,lhe,ele,,
abeirou-se,abeirou,abeirar,se,se,,
desculpou-se,desculpou,desculpar,se,se,,
lembrando-lhe,lembrando,lembrar,lhe,ele,,
dá-me,dá,dar,me,eu,,
noutra,em,em,outra,outro,,
entrega-se,entrega,entregar,se,se,,
inalá-lo,inalá,inalar,lo,ele,,
ficava-se,ficava,ficar,se,se,,
depositava-se,depositava,depositar,se,se,,
levando-o,levando,levar,o,o,,
passeou-se,passeou,passear,se,se,,
brindou-os,brindou,brindar,os,o,,
lançou-se,lançou,lançar,se,se,,
tapou-lhe,tapou,tapar,lhe,ele,,
agrediu-a,agrediu,agredir,a,ela,,
atirou-a,atirou,atirar,a,a,,
rasgou-lhe,rasgou,rasgar,lhe,ele,,
valorizar-se,valorizar,valorizar,se,se,,
nalguns,em,em,alguns,algum,,
naqueles,em,em,aqueles,aquele,,
inscreveu-se,inscreveu,inscrever,se,se,,
Nestes,Em,em,estes,este,,
estabelecendo-se,estabelecendo,estabelecer,se,se,,
Ignora-se,Ignora,ignorar,se,se,,
Dir-lhe-ia,Diria,dizer,lhe,ele,,
fica-se,fica,ficar,se,se,,
ouviu-se,ouviu,ouvir,se,se,,
levantar-se,levantar,levantar,se,se,,
avistou-se,avistou,avistar,se,se,,
complicar-se,complicar,complicar,se,se,,
propõe-se,propõe,propor,se,se,,
torná-la-ia,tornaria,tornar,la,ela,,
propunham-se,propunham,propor,se,se,,
mantê-lo,mantê,manter,lo,ele,,
conduzi-lo,conduzi,conduzir,lo,ele,,
impõe-se,impõe,impor,se,se,,
relaciona-se,relaciona,relacionar,se,se,,
unia-se,unia,uniar,se,se,,
desconfiava-se,desconfiava,desconfiar,se,se,,
aliar-se,aliar,aliar,se,se,,
eles,em,em,es,es,,
libertá-lo,libertá,libertar,lo,ele,,
citando-o,citando,citar,o,o,,
encaixá-lo,encaixá,encaixar,lo,ele,,
detê-lo,detê,deter,lo,ele,,
Aventure-se,Aventure,aventurar,se,se,,
queixar-se,queixar,queixar,se,se,,
Habite-se,Habite,haber,se,se,,
recuperou-se,recuperou,recuperar,se,se,,
difundiram-se,difundiram,difundir,se,se,,
classificaram-se,classificaram,classificar,se,se,,
pôde-se,pôde,poder,se,se,,
revestir-se,revestir,revestir,se,se,,
dizer-se,dizer,dizer,se,se,,
afastou-se,afastou,afastar,se,se,,
Parecer-me-ia,Pareceria,parecer,me,eu,,
capitalizá-la,capitalizá,capitalizar,la,ela,,
situa-se,situa,situar,se,se,,
estabelecer-se,estabelecer,estabelecer,se,se,,
inclui-se,inclui,incluir,se,se,,
matá-la,matá,matar,la,ela,,
noutros,em,em,outros,outro,,
ganhá-los,ganhá,ganhar,los,eles,,
jogá-los,jogá,jogar,los,eles,,
instalou-se,instalou,instalar,se,se,,
bastar-se,bastar,bastar,se,se,,
desertificar-se,desertificar,desertificar,se,se,,
desconhecendo-se,desconhecendo,desconhecer,se,se,,
distanciarem-se,distanciarem,distanciar,se,se,,
divertir-nos,divertir,divertir,nos,nós,,
Seguiu-se,Seguiu,seguir,se,se,,
pronunciou-se,pronunciou,pronunciar,se,se,,
avaliam-se,avaliam,avaliar,se,se,,
lançar-se,lançar,lançar,se,se,,
empenhar-se,empenhar,empenhar,se,se,,
foi-me,foi,ser,me,eu,,
disse-me,disse,dizer,me,eu,,
sabe-se,sabe,saber,se,se,,
Queixa-se,Queixa,queixa,se,se,,
afirmam-se,afirmam,afirmar,se,se,,
mostrar-se,mostrar,mostrar,se,se,,
confirmou-se,confirmou,confirmar,se,se,,
serve-nos,serve,servir,nos,nós,,
regozijou-se,regozijou,regozijar,se,se,,
ver-se-á,verá,ver,se,se,,
dotá-lo,dotá,dotar,lo,ele,,
encaminhar-se,encaminhar,encaminhar,se,se,,
riem-se,riem,riar,se,se,,
Respirou-se,Respirou,respirar,se,se,,
recriminam-se,recriminam,recriminar,se,se,,
seguiram-se,seguiram,seguir,se,se,,
separaram-se,separaram,separar,se,se,,
isolou-se,isolou,isolar,se,se,,
Encontra-se,Encontra,encontrar,se,se,,
iniciar-se,iniciar,iniciar,se,se,,
prevendo-se,prevendo,prever,se,se,,
Fê-lo,Fê,far,lo,ele,,
mandá-las,mandá,mandar,las,elas,,
despedia-se,despedia,despedir,se,se,,
descreverem-se,descreverem,descrever,se,se,,
obrigando-os,obrigando,obrigar,os,o,,
injectar-se,injectar,injectar,se,se,,
integrou-se,integrou,integrar,se,se,,
assistiu-se,assistiu,assistir,se,se,,
apressou-se,apressou,apressar,se,se,,
conta-se,conta,contar,se,se,,
concluir-se,concluir,concluir,se,se,,
desviar-se,desviar,desviar,se,se,,
ajudando-os,ajudando,ajudar,os,o,,
queixa-se,queixa,queixa,se,se,,
podem-se,podem,poder,se,se,,
dilui-se,dilui,diluir,se,se,,
adiciona-se,adiciona,adicionar,se,se,,
faz-se,faz,fazer,se,se,,
deslocam-se,deslocam,deslocar,se,se,,
usa-se,usa,usar,se,se,,
utilizam-se,utilizam,utilizar,se,se,,
drill-in,drill,drill,in,in,,
Observa-se,Observa,observar,se,se,,
hidratar-se,hidratar,hidratar,se,se,,
substituí-la,substituí,substituir,la,ela,,
têm-se,têm,ter,se,se,,
separando-as,separando,separar,as,o,,
Acrescenta-se,Acrescenta,acrescentar,se,se,,
move-se,move,mover,se,se,,
comportam-se,comportam,comportar,se,se,,
comporta-se,comporta,comportar,se,se,,
aumentando-se,aumentando,aumentar,se,se,,
reduzindo-a,reduzindo,reduzir,a,ela,,
observa-se,observa,observar,se,se,,
nula,em,em,ula,ula,,
percebe-se,percebe,perceber,se,se,,
apresentam-se,apresentam,apresentar,se,se,,
evitá-lo,evitá,evitar,lo,ele,,
aprisionar-se,aprisionar,aprisionar,se,se,,
fundamentou-se,fundamentou,fundamentar,se,se,,
obter-se,obter,obter,se,se,,
injetando-se,injetando,injetar,se,se,,
utilizando-se,utilizando,utilizar,se,se,,
mediu-se,mediu,medir,se,se,,
pesando-se,pesando,pesar,se,se,,
conectou-se,conectou,conectar,se,se,,
aplicou-se,aplicou,aplicar,se,se,,
inverteu-se,inverteu,inverter,se,se,,
colocou-se,colocou,colocar,se,se,,
acionou-se,acionou,acionar,se,se,,
iniciando-se,iniciando,iniciar,se,se,,
observou-se,observou,observar,se,se,,
obteve-se,obteve,obter,se,se,,
prosseguiu-se,prosseguiu,prosseguir,se,se,,
passando-se,passando,passar,se,se,,
teve-se,teve,ter,se,se,,
fechando-se,fechando,fechar,se,se,,
zerando-se,zerando,zerar,se,se,,
à,a,a,a,a,,
Sugere-se,Sugere,sugerir,se,se,,
Assumindo-se,Assumindo,assumir,se,se,,
Seguindo-se,Seguindo,seguir,se,se,,
colocando-se,colocando,colocar,se,se,,
Considerando-se,Considerando,considerar,se,se,,
Observou-se,Observou,observar,se,se,,
log-log,log,log,log,log,,
ko,k,k,o,o,,
estabilizar-se,estabilizar,estabilizar,se,se,,
caracteriza-se,caracteriza,caracterizar,se,se,,
observando-se,observando,observar,se,se,,
destacando-se,destacando,destacar,se,se,,
Conclui-se,Conclui,concluir,se,se,,
Pelos,Por,por,os,o,,
percebeu-se,percebeu,perceber,se,se,,
comprovou-se,comprovou,comprovar,se,se,,
Concluiu-se,Concluiu,concluir,se,se,,
sugere-se,sugere,sugerir,se,se,,
condicioná-la,condicioná,condicionar,la,ela,,
adequa-la,adequa,adequar,la,ela,,
Apresentam-se,Apresentam,apresentar,se,se,,
remove-se,remove,remover,se,se,,
Faz-se,Faz,fazer,se,se,,
substituindo-os,substituindo,substituir,os,o,,
Utiliza-se,Utiliza,utilizar,se,se,,
Consegue-se,Consegue,conseguir,se,se,,
soma-se,soma,somar,se,se,,
adicionou-se,adicionou,adicionar,se,se,,
Adicionou-se,Adicionou,adicionar,se,se,,
aguardou-se,aguardou,aguardar,se,se,,
coletou-se,coletou,coletar,se,se,,
Coletou-se,Coletou,coletar,se,se,,
retira-se,retira,retirar,se,se,,
meso-a,meso,meso,a,a,,
localiza-se,localiza,localizar,se,se,,
interdigitam-se,interdigitam,interdigitar,se,se,,
Nessas,Em,em,essas,esse,,
interdigitando-se,interdigitando,interdigitar,se,se,,
restringe-se,restringe,restringir,se,se,,
constituindo-se,constituindo,constituir,se,se,,
preenchendo-os,preenchendo,preencher,os,o,,
associam-se,associam,associar,se,se,,
constatou-se,constatou,constatar,se,se,,
procura-se,procura,procurar,se,se,,
dividi-lo,dividi,dividir,lo,ele,,
envolvê-las,envolvê,envolver,las,elas,,
dá-se,dá,dar,se,se,,
separar-se,separar,separar,se,se,,
conferindo-lhes,conferindo,conferir,lhes,eles,,
Denomina-se,Denomina,denominar,se,se,,
convertê-los,convertê,converter,los,eles,,
dissolvê-los,dissolvê,dissolver,los,eles,,
utilizou-se,utilizou,utilizar,se,se,,
Preparou-se,Preparou,preparar,se,se,,
pesa-se,pesa,pesar,se,se,,
coloca-se,coloca,colocar,se,se,,
filtra-se,filtra,filtrar,se,se,,
verificando-se,verificando,verificar,se,se,,
acionando-se,acionando,acionar,se,se,,
estimando-se,estimando,estimar,se,se,,
variando-se,variando,variar,se,se,,
Atribui-se,Atribui,atribuir,se,se,,
nota-se,nota,nota,se,se,,
esperava-se,esperava,esperar,se,se,,
Acredita-se,Acredita,acreditar,se,se,,
localizam-se,localizam,localizar,se,se,,
referem-se,referem,referir,se,se,,
constitui-se,constitui,constituir,se,se,,
subdivide-se,subdivide,subdividar,se,se,,
Distingue-se,Distingue,distinguir,se,se,,
distinguindo-se,distinguindo,distinguir,se,se,,
Difere-se,Difere,diferir,se,se,,
intensificaram-se,intensificaram,intensificar,se,se,,
origina-se,origina,originar,se,se,,
pautou-se,pautou,pautar,se,se,,
apoiou-se,apoiou,apoiar,se,se,,
subdividindo-a,subdividindo,subdividir,a,ela,,
Adotou-se,Adotou,adotar,se,se,,
subdividi-lo,subdividi,subdividar,lo,ele,,
mantem-se,mantem,manter,se,se,,
interpretando-o,interpretando,interpretar,o,o,,
admite-se,admite,admitir,se,se,,
concluiu-se,concluiu,concluir,se,se,,
corrigi-las,corrigi,corrigir,las,elas,,
melhora-se,melhora,melhora,se,se,,
Aplica-se,Aplica,aplicar,se,se,,
definiu-se,definiu,definir,se,se,,
aquecendo-o,aquecendo,aquecer,o,o,,
na,em,em,a,ela,,
Objetivou-se,Objetivou,objetivar,se,se,,
alterando-lhe,alterando,alterar,lhe,ele,,
Tem-se,Tem,ter,se,se,,
Minimizando-se,Minimizando,minimizar,se,se,,
entende-se,entende,entender,se,se,,
usando-se,usando,usar,se,se,,
deixando-as,deixando,deixar,as,o,,
n=,em,em,=,=,,
Desses,De,de,esses,esse,,
Podem-se,Podem,poder,se,se,,
Dessa,De,de,essa,esse,,
Usou-se,Usou,usar,se,se,,
desprendê-lo,desprendê,desprender,lo,ele,,
seguiu-se,seguiu,seguir,se,se,,
secou-se,secou,secar,se,se,,
estabeleceu-se,estabeleceu,estabelecer,se,se,,
Realizou-se,Realizou,realizar,se,se,,
recolhendo-se,recolhendo,recolher,se,se,,
analisou-se,analisou,analisar,se,se,,
Secou-se,Secou,secar,se,se,,
Analisou-se,Analisou,analisar,se,se,,
retirou-se,retirou,retirar,se,se,,
obtendo-se,obtendo,obter,se,se,,
DAS,DE,de,AS,o,,
Obteve-se,Obteve,obter,se,se,,
Fez-se,Fez,fazer,se,se,,
AO,A,a,O,o,,
Observando-se,Observando,observar,se,se,,
Notou-se,Notou,notar,se,se,,
Comparando-se,Comparando,comparar,se,se,,
usou-se,usou,usar,se,se,,
Nota-se,Nota,nota,se,se,,
desprender-se,desprender,desprender,se,se,,
desprendia-se,desprendia,desprender,se,se,,
trabalhou-se,trabalhou,trabalhar,se,se,,
desprendê-la,desprendê,desprender,la,ela,,
Correlacionou-se,Correlacionou,correlacionar,se,se,,
inibindo-se,inibindo,inibir,se,se,,
Usando-se,Usando,usar,se,se,,
divide-se,divide,dividir,se,se,,
Destacam-se,Destacam,destacar,se,se,,
Limita-se,Limita,limitar,se,se,,
assentam-se,assentam,assentar,se,se,,
Considera-se,Considera,considerar,se,se,,
adotando-se,adotando,adotar,se,se,,
Buscou-se,Buscou,buscar,se,se,,
assenta-se,assenta,assentar,se,se,,
organiza-se,organiza,organizar,se,se,,
notam-se,notam,notar,se,se,,
Depreende-se,Depreende,depreender,se,se,,
notou-se,notou,notar,se,se,,
observam-se,observam,observar,se,se,,
observaram-se,observaram,observar,se,se,,
descrevendo-se,descrevendo,descrever,se,se,,
descrevem-se,descrevem,descrever,se,se,,
Notam-se,Notam,notar,se,se,,
Nele,Em,em,ele,ele,,
infere-se,infere,inferir,se,se,,
formaram-se,formaram,formar,se,se,,
interpretou-se,interpretou,interpretar,se,se,,
interpretá-las,interpretá,interpretar,las,elas,,
tornam-se,tornam,tornar,se,se,,
separando-o,separando,separar,o,o,,
recomenda-se,recomenda,recomendar,se,se,,
transporta-lo,transporta,transportar,lo,ele,,
considera-se,considera,considerar,se,se,,
Formam-se,Formam,formar,se,se,,
permitindo-se,permitindo,permitir,se,se,,
associa-se,associa,associar,se,se,,
ligar-se,ligar,ligar,se,se,,
classificam-se,classificam,classificar,se,se,,
transformá-los,transformá,transformar,los,eles,,
da,de,de,a,a,,
coloca-las,coloca,colocar,las,elas,,
Assume-se,Assume,assumir,se,se,,
multiplica-se,multiplica,multiplicar,se,se,,
estende-se,estende,estender,se,se,,
dividindo-o,dividindo,dividir,o,o,,
=,a,a,a,o,,
àquelas,a,a,aquelas,aquele,,
co,c,«,o,o,,
considerou-se,considerou,considerar,se,se,,
comprimi-lo,comprimi,comprimir,lo,ele,,
injeta-lo,injeta,injetar,lo,ele,,
obtiveram-se,obtiveram,obter,se,se,,
partindo-se,partindo,partir,se,se,,
Estima-se,Estima,estimar,se,se,,
considerando-se,considerando,considerar,se,se,,
reduzindo-se,reduzindo,reduzir,se,se,,
busca-se,busca,buscar,se,se,,
exportá-lo,exportá,exportar,lo,ele,,
eles,em,em,es,o,,
bombeá-los,bombeá,bombear,los,eles,,
adota-se,adota,adotar,se,se,,
combinarem-se,combinarem,combinar,se,se,,
emiti-lo,emiti,emitir,lo,ele,,
reportando-se,reportando,reportar,se,se,,
calcula-se,calcula,calcular,se,se,,
unindo-se,unindo,unir,se,se,,
utiliza-se,utiliza,utilizar,se,se,,
assumiu-se,assumiu,assumir,se,se,,
Calculou-se,Calculou,calcular,se,se,,
encontrando-se,encontrando,encontrar,se,se,,
Destaca-se,Destaca,destacar,se,se,,
Utilizou-se,Utilizou,utilizar,se,se,,
pretendeu-se,pretendeu,pretender,se,se,,
desenvolveu-se,desenvolveu,desenvolver,se,se,,
torna-la,torna,tornar,la,ela,,
aumenta-se,aumenta,aumentar,se,se,,
introduz-se,introduz,introduzir,se,se,,
expandir-se,expandir,expandir,se,se,,
ligando-se,ligando,ligar,se,se,,
Define-se,Define,definir,se,se,,
acumulou-se,acumulou,acumular,se,se,,
explorá-los,explorá,explorar,los,eles,,
realizou-se,realizou,realizar,se,se,,
espalhar-se,espalhar,espalhar,se,se,,
espalha-se,espalha,espalhar,se,se,,
diz-se,diz,dizer,se,se,,
Iniciou-se,Iniciou,iniciar,se,se,,
ajustou-se,ajustou,ajustar,se,se,,
baseando-se,baseando,basear,se,se,,
Deixou-se,Deixou,deixar,se,se,,
fechou-se,fechou,fechar,se,se,,
Utilizando-se,Utilizando,utilizar,se,se,,
calcularam-se,calcularam,calcular,se,se,,
injetou-se,injetou,injetar,se,se,,
comparou-se,comparou,comparar,se,se,,
Considerou-se,Considerou,considerar,se,se,,
Tomou-se,Tomou,tomar,se,se,,
fechar-se,fechar,fechar,se,se,,
tiraram-se,tiraram,tirar,se,se,,
agitou-se,agitou,agitar,se,se,,
monitorando-se,monitorando,monitorar,se,se,,
plotou-se,plotou,plotar,se,se,,
cana-de,cana,cana,de,de,,
mantiveram-se,mantiveram,manter,se,se,,
consideraram-se,consideraram,considerar,se,se,,
n°,em,em,°,°,,
usá-lo,usá,usar,lo,ele,,
misturando-se,misturando,misturar,se,se,,
nulo,em,em,ulo,ulo,,
resume-se,resume,resumir,se,se,,
Pesou-se,Pesou,pesar,se,se,,
adicionaram-se,adicionaram,adicionar,se,se,,
ocorreu-se,ocorreu,ocorrer,se,se,,
variaram-se,variaram,variar,se,se,,
elaborou-se,elaborou,elaborar,se,se,,
tornando-o,tornando,tornar,o,o,,
variou-se,variou,variar,se,se,,
conduz-se,conduz,conduzir,se,se,,
Apurou-se,Apurou,apurar,se,se,,
Ressalta-se,Ressalta,ressaltar,se,se,,
esquematizou-se,esquematizou,esquematizar,se,se,,
adaptando-os,adaptando,adaptar,os,o,,
construiu-se,construiu,construir,se,se,,
gastou-se,gastou,gastar,se,se,,
aqueles,a,a,aqueles,aquele,,
tornando-os,tornando,tornar,os,o,,
orientam-se,orientam,orientar,se,se,,
formando-se,formando,formar,se,se,,
concentrando-se,concentrando,concentrar,se,se,,
medindo-se,medindo,medir,se,se,,
descrevê-lo,descrevê,descrever,lo,ele,,
analisando-se,analisando,analisar,se,se,,
titulou-se,titulou,titular,se,se,,
adicionando-se,adicionando,adicionar,se,se,,
efetivou-se,efetivou,efetivar,se,se,,
delimita-se,delimita,delimitar,se,se,,
dissolveu-se,dissolveu,dissolver,se,se,,
Percebeu-se,Percebeu,perceber,se,se,,
Propõe-se,Propõe,propor,se,se,,
conhecendo-se,conhecendo,conhecer,se,se,,
podendo-se,podendo,poder,se,se,,
supõe-se,supõe,supoar,se,se,,
empregando-se,empregando,empregar,se,se,,
evacuava-se,evacuava,evacuar,se,se,,
obtinha-se,obtinha,obter,se,se,,
invertendo-se,invertendo,inverter,se,se,,
abrindo-se,abrindo,abrir,se,se,,
subtraindo-se,subtraindo,subtrair,se,se,,
Procedia-se,Procedia,proceder,se,se,,
mantendo-se,mantendo,manter,se,se,,
permitia-se,permitia,permitir,se,se,,
Verifica-se,Verifica,verificar,se,se,,
Procurou-se,Procurou,procurar,se,se,,
fazendo-se,fazendo,fazer,se,se,,
formam-se,formam,formar,se,se,,
acumularam-se,acumularam,acumular,se,se,,
depositaram-se,depositaram,depositar,se,se,,
comportou-se,comportou,comportar,se,se,,
Naquela,Em,em,aquela,aquele,,
desenvolveram-se,desenvolveram,desenvolver,se,se,,
transformou-se,transformou,transformar,se,se,,
fendeu-se,fendeu,fender,se,se,,
subdividiu-o,subdividiu,subdividir,o,o,,
utilizando-a,utilizando,utilizar,a,ela,,
Baseando-se,Baseando,basear,se,se,,
procurou-se,procurou,procurar,se,se,,
adotou-se,adotou,adotar,se,se,,
atribui-se,atribui,atribuir,se,se,,
pj,p,p,j,j,,
substitui-se,substitui,substituir,se,se,,
produz-se,produz,produzir,se,se,,
criou-se,criou,criar,se,se,,
orientando-se,orientando,orientar,se,se,,
considerá-las,considerá,considerar,las,elas,,
Optou-se,Optou,optar,se,se,,
ponderando-se,ponderando,ponderar,se,se,,
organizar-se,organizar,organizar,se,se,,
vincula-se,vincula,vincular,se,se,,
levando-se,levando,levar,se,se,,
Admite-se,Admite,admitir,se,se,,
transformando-se,transformando,transformar,se,se,,
delta,de,de,elta,elta,,
movimentaram-se,movimentaram,movimentar,se,se,,
Verificou-se,Verificou,verificar,se,se,,
necessita-se,necessita,necessitar,se,se,,
partiu-se,partiu,partir,se,se,,
Utilizam-se,Utilizam,utilizar,se,se,,
substituí-los,substituí,substituir,los,eles,,
naquelas,em,em,aquelas,aquele,,
detalhe,de,de,etalhe,etalhe,,
evitando-se,evitando,evitar,se,se,,
mede-se,mede,medir,se,se,,
dissocia-se,dissocia,dissociar,se,se,,
Mediu-se,Mediu,medir,se,se,,
fixam-se,fixam,fixar,se,se,,
titula-se,titula,titular,se,se,,
deixá-la,deixá,deixar,la,ela,,
pesou-se,pesou,pesar,se,se,,
escolheu-se,escolheu,escolher,se,se,,
hidratá-lo,hidratá,hidratar,lo,ele,,
calculou-se,calculou,calcular,se,se,,
determinou-se,determinou,determinar,se,se,,
preparou-se,preparou,preparar,se,se,,
extraíram-se,extraíram,extrair,se,se,,
comportar-se,comportar,comportar,se,se,,
Infere-se,Infere,inferir,se,se,,
Concentre-se,Concentre,concentrar,se,se,,
Reutilizá-los,Reutilizá,reutilizar,los,eles,,
Esqueça-os,Esqueça,esqueçar,os,o,,
demonstrou-se,demonstrou,demonstrar,se,se,,
expulsá-lo,expulsá,expulsar,lo,ele,,
Registre-se,Registre,registrar,se,se,,
retirou-o,retirou,retirar,o,o,,
salvando-se,salvando,salvar,se,se,,
salvou-se,salvou,salvar,se,se,,
Especula-se,Especula,especular,se,se,,
contribuiu-lhe,contribuiu,contribuir,lhe,ele,,
doutras,de,de,outras,outro,,
pendurou-se,pendurou,pendurar,se,se,,
Cadastre-se,Cadastre,cadastrar,se,se,,
instala-se,instala,instalar,se,se,,
Seguiram-se,Seguiram,seguir,se,se,,
surpreenda-se,surprenda,surprender,se,se,,
Estende-se,Estende,estender,se,se,,
utilizem-se,utilizem,utilizir,se,se,,
Dum,De,de,um,um,,
compreender-se,comprender,comprender,se,se,,
regia-se,regia,regiar,se,se,,
Luta-se,Luta,Luta,se,se,,
Inspiro-me,Inspiro,inspirar,me,eu,,
deteriora-se,deteriora,deteriorar,se,se,,
PELA,POR,por,A,o,,
NÓS,Em,em,SS,SS,,
Tornando-se,Tornando,tornar,se,se,,
cura-se,cura,cura,se,se,,
los,l,l,os,o,,
vinga-se,vinga,vinar,se,se,,
matando-os,matando,matar,os,o,,
doutros,de,de,outros,outro,,
ela,er,er,a,o,,
Inicia-se,Inicia,iniciar,se,se,,
consumou-se,consumou,consumar,se,se,,
Desconhece-se,Desconhece,desconhecer,se,se,,
sào,sa,sa,ào,ào,,
divulgou-se,divulgou,divulgar,se,se,,
doutra,de,de,outra,outro,,
Considerar-se,Considerar,considerar,se,se,,
oferecer-lhe,oferecer,oferecer,lhe,ele,,
.Trata-se,.Trata,tTratar,se,se,,
arreigar-se,arreigar,arreigar,se,se,,
revelando-se,revelando,revelar,se,se,,
criar-se,criar,criar,se,se,,
mantenham-se,mantenham,manter,se,se,,
dalguns,de,de,alguns,algum,,
segurou-a,segurou,segurar,a,ela,,
processando-se,processando,processar,se,se,,
aas,a,a,as,o,,
comuniquem-se,comuniquem,comunicar,se,se,,
analisa-se,analisa,analisar,se,se,,
separam-se,separam,separ,se,se,,
vê-la,vê,ver,la,ela,,
bloquear-lhe,bloquear,bloquear,lhe,ele,,
Constatou-se,Constatou,constatar,se,se,,
des,de,de,es,o,,
Relaciona-se,Relaciona,relacionar,se,se,,
mudaram-se,mudaram,mudar,se,se,,
assiste-se,assiste,assistir,se,se,,
juntava-se,juntava,juntar,se,se,,
negou-os,negou,negar,os,o,,
usar-se,usar,usar,se,se,,
Tornou-se,Tornou,tornar,se,se,,
resgatá-los,resgatá,resgatar,los,eles,,
tendo-se,tendo,ter,se,se,,
feriu-se,feriu,ferir,se,se,,
colocá-la,colocá,colocar,la,ela,,
foca-se,foca,focar,se,se,,
aproveitando-se,aproveitando,aproveitar,se,se,,
assemelha-se,assemelha,assemelhar,se,se,,
comparou-a,comparou,comparar,a,ela,,
Localiza-se,Localiza,Localiza,se,se,,
revestia-se,revestia,revestir,se,se,,
Milhouse,Milhou,Milhou,se,se,,
obtêm-se,obtêm,obter,se,se,,
movem-se,movem,mover,se,se,,
registraram-se,registraram,registrar,se,se,,
Àquela,Em,em,uuela,uuelo,,
mudar-se,mudar,mudar,se,se,,
dedicar-se,dedicar,dedicar,se,se,,
comparando-a,comparando,comparar,a,ela,,
Fita-o,Fita,fita,o,o,,
designar-se,designar,designar,se,se,,
internaram-se,internaram,internar,se,se,,
comparando-os,comparando,comparar,os,o,,
acusando-o,acusando,acusar,o,o,,
uniu-se,uniu,unir,se,se,,
informou-se,informou,informar,se,se,,
procedeu-se,procedeu,proceder,se,se,,
assaltá-lo,assaltá,assaltar,lo,ele,,
matá-lo,matá,matar,lo,ele,,
polos,por,por,os,o,,
ajudá-lo,ajudá,ajudar,lo,ele,,
Aposentou-se,Aposentou,aposentar,se,se,,
mudou-se,mudou,mudar,se,se,,
transferindo-se,transferindo,transferir,se,se,,
mergulha-se,mergulha,mergulhar,se,se,,
envia-o,envia,enviar,o,o,,
demonstrando-se,demonstrando,demonstrar,se,se,,
comprometaram-se,comprometaram,comprometar,se,se,,
implorando-lhe,implorando,implorar,lhe,ele,,
Situa-se,Situa,situar,se,se,,
sagrou-se,sagrou,sagrar,se,se,,
doutro,de,de,outro,outro,,
Certifique-se,Certifique,certificar,se,se,,
Riquelme,Reiqu,Reiqu,lme,lme,,
Seguindo-o,Seguindo,seguir,o,o,,
passaram-se,passaram,passar,se,se,,
reunem-se,reunem,reunir,se,se,,
surpreende-as,surprende,surprender,as,o,,
convidando-as,convidando,convidar,as,o,,
lembrar-se,lembrar,lembrar,se,se,,
Cogitou-se,Cogitou,cogitar,se,se,,
Consideram-se,Consideram,considerar,se,se,,
vendendo-a,vendendo,vender,a,ela,,
assemelham-se,assemelham,assemelhar,se,se,,
junta-os,junta,juntar,os,o,,
Resolveu-se,Resolveu,resolver,se,se,,
apresentando-se,apresentando,apresentar,se,se,,
asseguraram-se,asseguraram,assegurar,se,se,,
subordinando-se,subordinando,subordinar,se,se,,
encorajar-nos,encorajar,encorajar,nos,nós,,
usá-los,usá,usar,los,eles,,
Casou-se,Casou,casar,se,se,,
deixando-os,deixando,deixar,os,o,,
desafiou-o,desafiou,desafiar,o,o,,
dirigem-se,dirigem,dirigir,se,se,,
acostumou-se,acostumou,acostumar,se,se,,
intitular-se,intitular,intitular,se,se,,
as,a,a,as,o,,
Seleciona-se,Seleciona,selecionar,se,se,,
incorporou-se,incorporou,incorporar,se,se,,
Fixou-se,Fixou,fixar,se,se,,
dedicou-se,dedicou,dedicar,se,se,,
viu-se,viu,ver,se,se,,
defender-se,defender,defender,se,se,,
entorse,ento,ento,rse,rse,,
Dêem-me,Dêem,dar,me,eu,,
danado-a,danado,danar,a,a,,
coloca-a,coloca,colocar,a,ela,,
reforçá-la,reforçá,reforçar,la,ela,,
sustentá-la,sustentá,sustentar,la,ela,,
Disse-lhe,Disse,dizer,lhe,ele,,
declara-os,declara,declarar,os,o,,
tangendo-as,tangendo,tanger,as,o,,
ergue-se,ergue,erguer,se,se,,
seguem-se,seguem,seguir,se,se,,
cumprimentá-los,cumprimentá,cumprimentar,los,eles,,
dama,de,de,ama,amar,,
elegeu-se,elegeu,eleger,se,se,,
destacavam-se,destacavam,destacar,se,se,,
multiplicaram-se,multiplicaram,multiplicar,se,se,,
cadastre-se,cadastre,cadastrar,se,se,,
enterram-se,enterram,enterrar,se,se,,
abrigando-se,abrigando,abrigar,se,se,,
encarregou-se,encarregou,encarregar,se,se,,
caracterizam-se,caracterizam,caracterizar,se,se,,
tornando-a,tornando,tornar,a,ela,,
desenvolvem-se,desenvolvem,desenvolver,se,se,,
ajude-nos,ajude,ajudar,nos,nós,,
sentem-se,sentem,sentar,se,se,,
engana-se,engana,enganar,se,se,,
.Num,.m,.m,um,um,,
fazendo-a,fazendo,fazer,a,a,,
agravou-se,agravou,agravar,se,se,,
casando-se,casando,casar,se,se,,
deveu-se,deveu,dever,se,se,,
à,a,ela,a,a,,
antecipando-o,antecipando,antecipar,o,o,,
livrar-se,livrar,livrar,se,se,,
refugiar-se,refugiar,refugiar,se,se,,
distanciar-se,distanciar,distanciar,se,se,,
Relata-se,Relata,relatar,se,se,,
Nely,Em,em,el,el,,
classificou-se,classificou,classificar,se,se,,
crê-se,crê,crer,se,se,,
Neles,Em,em,eles,eles,,
Noutras,Em,em,outras,outro,,
fechá-lo,fechá,fechar,lo,ele,,
polo,por,por,o,o,,
desconfia-se,desconfia,desconfir,se,se,,
realizam-se,realizam,realizar,se,se,,
questionou-se,questionou,questionar,se,se,,
Noutro,Em,em,outro,outro,,
n',em,em,',',,
localizava-se,localizava,localizar,se,se,,
movendo-se,movendo,mover,se,se,,
diferenciaram-se,diferenciaram,diferenciar,se,se,,
imagina-se,imagina,imaginar,se,se,,
defendeu-se,defendeu,defender,se,se,,
liberá-lo,liberá,liberar,lo,ele,,
transforma-se,transforma,transformar,se,se,,
reconciliarem-se,reconciliarem,reconciliar,se,se,,
certificar-se,certificar,certificar,se,se,,
comentava-se,comentava,comentar,se,se,,
condenando-o,condenando,condenar,o,o,,
manifesta-se,manifesta,manifesto,se,se,,
foi-lhe,foi,ser,lhe,ele,,
dizia-se,dizia,dizer,se,se,,
encerra-se,encerra,encerrar,se,se,,
della,de,de,ella,ella,,
peles,por,por,es,eles,,
Ajudou-o,Ajudou,ajudar,o,o,,
casaram-se,casaram,casar,se,se,,
chamar-lhe,chamar,chamar,lhe,ele,,
ver-se,ver,ver,se,se,,
absorve-se,absorve,absorver,se,se,,
afasta-se,afasta,afastar,se,se,,
abotoa-se,abotoa,abotoar,se,se,,
despistaram-se,despistaram,despistar,se,se,,
apaixonou-se,apaixonou,apaixonar,se,se,,
borrifa-se,borrifa,borrifar,se,se,,
desforrou-se,desforrou,desforrar,se,se,,
espetou-se,espetou,espetar,se,se,,
orienta-se,orienta,orientar,se,se,,
bate-se,bate,bater,se,se,,
bateu-se,bateu,bater,se,se,,
debruçou-se,debruçou,debruçar,se,se,,
debruça-se,debruça,debruçar,se,se,,
virou-se,virou,virar,se,se,,
recandidatou-se,recandidatou,recandidatar,se,se,,
embrulhou-se,embrulhou,embrulhar,se,se,,
gloriam-se,gloriam,gloriar,se,se,,
deitou-se,deitou,deitar,se,se,,
queimou-se,queimou,queimar,se,se,,
Atrasarem-se,Atrasarem,atrasar,se,se,,
salienta-o,salienta,salientar,o,o,,
Sussurraram-lhe,Sussurraram,sussurrar,lhe,ele,,
Contactaram-no,Contactaram,contactar,no,ele,,
Extraíram-lhe,Extraíram,extrair,lhe,ele,,
dispensou-os,dispensou,dispensar,os,o,,
Acordem-me,Acordem,acordar,me,eu,,
sossegava-a,sossegava,sossegar,a,ela,,
dizia-lhe,dizia,dizer,lhe,ele,,
perder-se,perder,perder,se,se,,
Ofereceram-me,Ofereceram,oferecer,me,eu,,
Tratou-se,Tratou,tratar,se,se,,
apreciá-lo,apreciá,apreciar,lo,ele,,
inserindo-a,inserindo,inserir,a,ela,,
contratá-lo,contratá,contratar,lo,ele,,
enterrá-los,enterrá,enterrar,los,eles,,
resolve-a,resolve,resolver,a,ela,,
concentra-se,concentra,concentrar,se,se,,
arregala-te,arregala,arregal,te,tu,,
desfizeram-nas,desfizeram,desfizer,nas,elas,,
multiplicavam-se,multiplicavam,multiplicar,se,se,,
afastar-se,afastar,afastar,se,se,,
perpetuá-lo,perpetuá,perpetuar,lo,ele,,
fê-lo,fê,faver,lo,ele,,
ajoelhou-se,ajoelhou,ajoelhar,se,se,,
Revelou-se,Revelou,revelar,se,se,,
sussurra-se,sussurra,sussurrar,se,se,,
acaba-se,acaba,acabar,se,se,,
tirou-o,tirou,tirar,o,o,,
despediu-se,despediu,despedir,se,se,,
vive-se,vive,viver,se,se,,
Seguem-se,Seguem,seguir,se,se,,
cotava-se,cotava,cotar,se,se,,
NAS,EM,em,AS,o,,
Arrepiou-se,Arrepiou,arrepiar,se,se,,
NA,EM,em,A,o,,
aceita-a,aceita,aceitar,a,ela,,
Salvou-se,Salvou,salvar,se,se,,
comprava-se,comprava,comprar,se,se,,
Mistura-se,Mistura,misturar,se,se,,
Fazem-no,Fazem,fazer,no,ele,,
disse-o,disse,dizer,o,o,,
Sabia-se,Sabia,saber,se,se,,
Falou-se,Falou,falar,se,se,,
DÁ,DE,de,Á,o,,
prolonga-se,prolonga,prolongar,se,se,,
enervou-se,enervou,enervar,se,se,,
Sentaram-se,Sentaram,sentar,se,se,,
Chamei-te,Chamei,chamar,te,tu,,
calou-se,calou,calar,se,se,,
Referia-se,Referia,referir,se,se,,
vestir-me,vestir,vestir,me,eu,,
Diz-lhe,Diz,dizer,lhe,ele,,
matou-a,matou,matar,a,ela,,
roía-se,roía,roer,se,se,,
Diverte-te,Diverte,divertir,te,tu,,
sentar-me,sentar,sentar,me,eu,,
acariciou-o,acariciou,acariciar,o,o,,
excedera-se,excedera,exceder,se,se,,
Dei-lhe,Dei,dar,lhe,ele,,
puxou-o,puxou,puxar,o,o,,
via-se,via,ver,se,se,,
acocorou-se,acocorou,acocorar,se,se,,
interpelou-o,interpelou,interpelar,o,o,,
escreveu-me,escreveu,escrever,me,eu,,
Imagina-te,Imagina,imaginar,te,tu,,
Despediram-se,Despediram,despedir,se,se,,
Dá-me,Dá,dar,me,eu,,
acabam-se,acabam,acabar,se,se,,
Apanhou-a,Apanhou,apanhar,a,ela,,
Calou-se,Calou,calar,se,se,,
Releu-a,Releu,reler,a,ela,,
adapta-se,adapta,adaptar,se,se,,
disse-lhe,disse,dizer,lhe,ele,,
concentrar-se,concentrar,concentrar,se,se,,
dominavam-me,dominavam,dominar,me,eu,,
fixou-se,fixou,fixar,se,se,,
abrem-se,abrem,abrir,se,se,,
desconcentrava-se,desconcentrava,desconcentrar,se,se,,
Amputaram-me,Amputaram,amputar,me,eu,,
segue-se,segue,seguir,se,se,,
Fá-lo,Fá,faver,lo,ele,,
socorre-se,socorre,socorrer,se,se,,
Cantava-se,Cantava,cantar,se,se,,
nQ,em,em,Q,q,,
explicar-se,explicar,explicar,se,se,,
prefere-se,prefere,preferir,se,se,,
virara-se,virara,virar,se,se,,
sentou-se,sentou,sentar,se,se,,
compra-se,compra,compra,se,se,,
citar-me,citar,citar,me,eu,,
imaginá-las,imaginá,imaginar,las,elas,,
referiu-se,referiu,referir,se,se,,
puxá-lo-ia,puxá,puxar,lo-a,lo-o,,
registaram-se,registaram,registar,se,se,,
estava-se,estava,estar,se,se,,
suspendê-lo,suspendê,suspender,lo,ele,,
ficou-se,ficou,ficar,se,se,,
Procura-se,Procura,procurar,se,se,,
danificando-os,danificando,danificar,os,o,,
ignorá-lo,ignorá,ignorar,lo,ele,,
tentou-se,tentou,tentar,se,se,,
afundou-se,afundou,afundar,se,se,,
vendê-los,vendê,vender,los,eles,,
Dá-lhe,Dá,dar,lhe,ele,,
demite-se,demite,demitir,se,se,,
Acentuar-se-ia,Acentuaria,acentuar,se,se,,
Atraiu-me,Atraiu,atrair,me,eu,,
manietaram-no,manietaram,manietar,no,ele,,
meteram-no,meteram,meter,no,ele,,
licenciando-se,licenciando,licenciar,se,se,,
persegui-lo,persegui,perseguir,lo,ele,,
surpreendê-lo,surprenendê,surprenender,lo,ele,,
descansava-se,descansava,descansar,se,se,,
Registou-se,Registou,registar,se,se,,
braille,braia,braia,le,le,,
Anuncia-se,Anuncia,anunciar,se,se,,
afunda-se,afunda,afundar,se,se,,
subsidiam-na,subsidiam,subsidir,na,ela,,
Arrumou-os,Arrumou,arrumar,os,o,,
inventa-se,inventa,inventar,se,se,,
apaga-se,apaga,apagar,se,se,,
Deu-se,Deu,dar,se,se,,
centrar-se,centrar,centrar,se,se,,
desfez-se,desfez,desfezer,se,se,,
Agravam-se,Agravam,agravar,se,se,,
distanciam-se,distanciam,distanciar,se,se,,
acalmou-se,acalmou,acalmar,se,se,,
Chega-se,Chega,chegar,se,se,,
reformar-se,reformar,reformar,se,se,,
traz-me,traz,trazer,me,eu,,
atribui-as,atribui,atribuir,as,o,,
fazem-na,fazem,fazer,na,ela,,
roubava-lhe,roubava,roubar,lhe,ele,,
elegê-lo,elegê,eleger,lo,ele,,
Enquadra-se,Enquadra,enquar,se,se,,
pagava-lhe,pagava,pagar,lhe,ele,,
representar-vos,representar,representar,vos,vós,,
Inverteu-se,Inverteu,inverter,se,se,,
prometeu-me,prometeu,prometer,me,eu,,
trá-los-á,trá,ter,loss,loss,,
interessa-me,interessa,interessar,me,eu,,
receberam-no,receberam,receber,no,ele,,
Estava-se,Estava,estar,se,se,,
ajoelha-se,ajoelha,ajoelhar,se,se,,
dão-me,dão,dar,me,eu,,
desenrolava-se,desenrolava,desenrolar,se,se,,
Ouve-se,Ouve,ouvir,se,se,,
distanciou-se,distanciou,distanciar,se,se,,
Prevê-se,Prevê,prever,se,se,,
saboreá-la,saboreá,sabor,la,ela,,
prolongar-se,prolongar,prolongar,se,se,,
podia-se,podia,poder,se,se,,
Acentua-se,Acentua,acentuar,se,se,,
prepara-se,prepara,preparar,se,se,,
vai-se,vai,ir,se,se,,
perverter-se,perverter,perverter,se,se,,
destacar-se,destacar,destacar,se,se,,
alterou-se,alterou,alterar,se,se,,
agitar-se,agitar,agitar,se,se,,
Combina-se,Combina,combinar,se,se,,
estendendo-se,estendendo,estender,se,se,,
impedi-la,impedi,impedir,la,ela,,
Mete-se,Mete,meter,se,se,,
puxa-se,puxa,puxar,se,se,,
Está-se,Está,estar,se,se,,
mato-o,mato,mato,o,o,,
Reacende-se,Reacende,reacender,se,se,,
descontrolou-se,descontrolou,descontrolar,se,se,,
sei-o,sei,saber,o,o,,
justifica-o,justifica,justificar,o,o,,
Surpreendiam-nas,Surprendiam,surprendir,nas,elas,,
Dir-me-ão,Dirá,dizer,me,eu,,
destacaram-se,destacaram,destacar,se,se,,
Compreende-se,Comprende,comprender,se,se,,
Recebeu-o,Recebeu,receber,o,o,,
apropriaram-se,apropriaram,apropriar,se,se,,
deteriorar-se,deteriorar,deteriorar,se,se,,
salienta-se,salienta,salientar,se,se,,
Conta-se,Conta,contar,se,se,,
Disse-me,Disse,dizer,me,eu,,
emprestou-me,emprestou,emprestar,me,eu,,
antecedê-lo,antecedê,anteceder,lo,ele,,
desconheço-a,desconheço,desconhecer,a,ela,,
Dá-se,Dá,dar,se,se,,
tratavam-no,tratavam,tratar,no,ele,,
Acabaram-se,Acabaram,acabar,se,se,,
sensibilizou-a,sensibilizou,sensibilizar,a,ela,,
Tinha-se,Tinha,ter,se,se,,
sente-se,sente,sentir,se,se,,
recandidata-se,recandidata,recandidatar,se,se,,
preparavam-se,preparavam,preparar,se,se,,
cortá-las,cortá,cortar,las,elas,,
Encera-se,Encera,encerar,se,se,,
concretizou-os,concretizou,concretizar,os,o,,
nus,em,em,us,u,,
visitá-lo,visitá,visitar,lo,ele,,
pague-os,pague,pagar,os,o,,
analisa-o,analisa,analisar,o,o,,
Desmente-se,Desmente,desmentar,se,se,,
comprá-lo,comprá,comprir,lo,ele,,
tratou-se,tratou,tratar,se,se,,
enche-se,enche,enchar,se,se,,
recebe-os,recebe,receber,os,o,,
despede-se,despede,despedar,se,se,,
dei-te,dei,dar,te,tu,,
Disseram-me,Disseram,dizer,me,eu,,
buscá-las,buscá,buscer,las,elas,,
ignorava-os,ignorava,ignorar,os,o,,
Convence-a,Convence,convencer,a,ela,,
pronunciar-me,pronunciar,pronunciar,me,eu,,
Salvaram-se,Salvaram,salvar,se,se,,
rompeu-se,rompeu,romper,se,se,,
disseram-lhe,disseram,dizer,lhe,ele,,
Deram-lhe,Deram,dar,lhe,ele,,
Cria-se,Cria,criar,se,se,,
Quer-se,Quer,querer,se,se,,
medicar-se,medicar,medicar,se,se,,
aproveitar-se,aproveitar,aproveitar,se,se,,
Matou-se,Matou,matar,se,se,,
entrevistou-o,entrevistou,entrevistar,o,o,,
anda-se,anda,andar,se,se,,
Assiste-se,Assiste,assistir,se,se,,
perguntar-me,perguntar,perguntar,me,eu,,
entregou-se,entregou,entregar,se,se,,
encheu-se,encheu,encher,se,se,,
está-se,está,estar,se,se,,
agrava-se,agrava,agravar,se,se,,
enuncia-se,enuncia,enunciar,se,se,,
detestá-lo,detestá,detestar,lo,ele,,
acompanharam-no,acompanharam,acompanhar,no,ele,,
Admitia-se,Admitia,admitir,se,se,,
faço-o,faço,fazer,o,o,,
encara-se,encara,encarar,se,se,,
afligi-lo,afligi,afligir,lo,ele,,
acenou-lhe,acenou,acenar,lhe,ele,,
Mostra-se,Mostra,mostrar,se,se,,
Desconhecia-se,Desconhecia,desconhecer,se,se,,
reconhecia-se,reconhecia,reconhecer,se,se,,
surpreendeu-me,surprendeu,surprender,me,eu,,
povoar-se,povoar,povoar,se,se,,
aguardava-a,aguardava,aguardar,a,a,,
Desfizeram-se,Desfizeram,desfizer,se,se,,
aplaudia-o,aplaudia,aplaudir,o,o,,
fixaram-se,fixaram,fixar,se,se,,
cifrou-se,cifrou,cifrar,se,se,,
trocou-se,trocou,trocar,se,se,,
Aconselha-se,Aconselha,aconselhar,se,se,,
Metem-se,Metem,meter,se,se,,
discutia-se,discutia,discutir,se,se,,
Soube-se,Soube,suubir,se,se,,
Dir-se-á,Dirá,dizer,se,se,,
retirou-a,retirou,retirar,a,ela,,
abriu-se,abriu,abrir,se,se,,
determina-se,determina,determinar,se,se,,
perde-se,perde,perder,se,se,,
sugeri-lo,sugeri,sugerir,lo,ele,,
ouve-se,ouve,ouvir,se,se,,
preocupa-se,preocupa,preocupar,se,se,,
Garante-se,Garante,garantir,se,se,,
Afastou-se,Afastou,afastar,se,se,,
amontoa-se,amontoa,amontoar,se,se,,
Abre-se,Abre,abrir,se,se,,
espalharam-na,espalharam,espalhar,na,ela,,
esvaziou-se,esvaziou,esvaziar,se,se,,
Ganha-a,Ganha,ganhar,a,ela,,
usufrui-la,usufrui,usufruir,la,ela,,
sabem-no,sabem,saber,no,ele,,
criam-se,criam,criar,se,se,,
Acompanha-a,Acompanha,acompanhar,a,a,,
marcou-se,marcou,marcar,se,se,,
transmite-o,transmite,transmitir,o,o,,
dulcifica-o,dulcifica,dulcificar,o,o,,
doura-o,doura,dourar,o,o,,
desconhecia-se,desconhecia,desconhecer,se,se,,
legalizar-se,legalizar,legalizar,se,se,,
merece-o,merece,merecer,o,o,,
Lançou-se,Lançou,lançar,se,se,,
Agrada-lhe,Agrada,agrar,lhe,ele,,
assinala-se,assinala,assinalar,se,se,,
apoderaram-se,apoderaram,apoderar,se,se,,
suceder-se,suceder,suceder,se,se,,
substituiu-o,substituiu,substituir,o,o,,
trataram-me,trataram,tratar,me,eu,,
espancaram-me,espancaram,espancar,me,eu,,
repercutiu-se,repercutiu,repercutir,se,se,,
mataram-no,mataram,matar,no,ele,,
dão-na,dão,dar,na,ela,,
Reentrou-se,Reentrou,reentrar,se,se,,
fragmenta-se,fragmenta,fragmentar,se,se,,
preparam-se,preparam,preparar,se,se,,
dirigiu-a,dirigiu,dirigir,a,ela,,
Recandidata-se,Recandidata,recandidatar,se,se,,
distinguiu-o,distinguiu,distinguir,o,o,,
insurgiu-se,insurgiu,insurgir,se,se,,
registava-se,registava,registar,se,se,,
Falava-se,Falava,falar,se,se,,
ajudaram-me,ajudaram,ajudar,me,eu,,
acordou-me,acordou,acordar,me,eu,,
Levantei-me,Levantei,levantar,me,eu,,
dei-lhe,dei,dar,lhe,ele,,
Fê-la,Fê,far,la,ela,,
contra-pé,contra,contra,pé,pé,,
dedica-lhe,dedica,dedicar,lhe,ele,,
linchá-lo,linchá,linchar,lo,ele,,
introduzir-se,introduzir,introduzir,se,se,,
agredindo-a,agredindo,agredir,a,ela,,
violá-la,violá,violar,la,ela,,
Ofereceu-me,Ofereceu,oferecer,me,eu,,
marcou-o,marcou,marcar,o,o,,
disseram-me,disseram,dizer,me,eu,,
afirmou-se,afirmou,afirmar,se,se,,
criar-se-á,criará,criar,se,se,,
afastaram-se,afastaram,afastar,se,se,,
colocaram-nas,colocaram,colocar,nas,elas,,
vendeu-o,vendeu,vender,o,o,,
concentravam-se,concentravam,concentrar,se,se,,
Magoou-a,Magoou,magoar,a,ela,,
Mandaram-no,Mandaram,mandar,no,ele,,
Deram-me,Deram,dar,me,eu,,
entrevistou-a,entrevistou,entrevistar,a,ela,,
consolidar-se,consolidar,consolidar,se,se,,
vende-se,vende,vender,se,se,,
Comprova-se,Comprova,comprovar,se,se,,
reconstruindo-o,reconstruindo,reconstruir,o,o,,
conhecê-la,conhecê,conhecer,la,ela,,
prolongou-se,prolongou,prolongar,se,se,,
falou-se,falou,falar,se,se,,
agravaram-se,agravaram,agravar,se,se,,
vislumbra-se,vislumbra,vislumbrar,se,se,,
pontuou-o,pontuou,pontuar,o,o,,
ensaia-se,ensaia,ensal,se,se,,
sabê-lo,sabê,saber,lo,ele,,
Perde-se,Perde,perder,se,se,,
viraram-se,viraram,virar,se,se,,
prevê-se,prevê,prever,se,se,,
interrompeu-o,interrompeu,interromper,o,o,,
Deu-lhe,Deu,dar,lhe,ele,,
apoiar-me,apoiar,apoiar,me,eu,,
entregar-me,entregar,entregar,me,eu,,
alargou-se,alargou,alargar,se,se,,
enchia-se,enchia,enchiar,se,se,,
redimir-se,redimir,redimir,se,se,,
poder-se-ia,poderia,poder,se,se,,
conhece-o,conhece,conhecer,o,o,,
divertiram-se,divertiram,diverter,se,se,,
Agrupam-se,Agrupam,agrupar,se,se,,
bebe-se,bebe,beber,se,se,,
come-se,come,comer,se,se,,
obrigou-me,obrigou,obrigar,me,eu,,
viu-a,viu,ver,a,ela,,
destacou-se,destacou,destacar,se,se,,
congratulou-se,congratulou,congratular,se,se,,
Pega-se,Pega,pegar,se,se,,
progride-se,progride,progridir,se,se,,
suicidou-se,suicidou,suicidar,se,se,,
elege-se,elege,eleger,se,se,,
debruçar-me,debruçar,debruçar,me,eu,,
Chamei-o,Chamei,chamar,o,o,,
perguntei-lhe,perguntei,perguntar,lhe,ele,,
evitar-se,evitar,evitar,se,se,,
deram-lhe,deram,dar,lhe,ele,,
penteia-se,penteia,pentear,se,se,,
enquadrar-se,enquadrar,enquadrar,se,se,,
Seguia-se,Seguia,seguir,se,se,,
contradizem-se,contradizem,contradizar,se,se,,
exige-se,exige,exigir,se,se,,
acendeu-se,acendeu,acender,se,se,,
confrontaram-se,confrontaram,confrontar,se,se,,
insurgindo-se,insurgindo,insurgir,se,se,,
zelo,zor,zor,o,o,,
mandá-lo,mandá,mandar,lo,ele,,
aconselha-me,aconselha,aconselhar,me,eu,,
esgotou-se,esgotou,esgotar,se,se,,
trocou-os,trocou,trocar,os,o,,
concentrou-se,concentrou,concentrar,se,se,,
Choca-me,Choca,chocar,me,eu,,
assumi-los,assumi,assumir,los,eles,,
sabe-o,sabe,saber,o,o,,
insurgir-se,insurgir,insurgir,se,se,,
Há-os,Há,haver,os,o,,
mordê-lo,mordê,morder,lo,ele,,
comemorou-se,comemorou,comemorar,se,se,,
tramei-me,tramei,tramar,me,eu,,
desdobra-se,desdobra,desdobrar,se,se,,
anunciá-lo,anunciá,anunciar,lo,ele,,
esgotar-se-ia,esgotaria,esgotar,se,se,,
Fecharam-no,Fecharam,fechar,no,ele,,
visitava-o,visitava,visitar,o,o,,
trazia-lhe,trazia,trazer,lhe,ele,,
ignora-os,ignora,ignorar,os,o,,
formarem-se,formarem,formar,se,se,,
criou-me,criou,criar,me,eu,,
juntou-os,juntou,juntar,os,o,,
perguntava-se,perguntava,perguntar,se,se,,
insurgiram-se,insurgiram,insurgir,se,se,,
divertir-se,divertir,divertir,se,se,,
apaixonei-me,apaixonei,apaixonar,me,eu,,
passou-lhe,passou,passar,lhe,ele,,
roubou-lhe,roubou,roubar,lhe,ele,,
reveste-se,reveste,revestir,se,se,,
fortalecer-se,fortalecer,fortalecer,se,se,,
Descobriu-se,Descobriu,descobrir,se,se,,
ocupa-o,ocupa,ocupar,o,o,,
matou-se,matou,matar,se,se,,
agigantar-se,agigantar,agigantar,se,se,,
mobilizaram-se,mobilizaram,mobilizar,se,se,,
Preparava-se,Preparava,preparar,se,se,,
evaporou-se,evaporou,evaporar,se,se,,
revêem-se,revêem,rever,se,se,,
puxá-lo,puxá,puxar,lo,ele,,
entregou-lhe,entregou,entregar,lhe,ele,,
Refere-se,Refere,referir,se,se,,
disfarçam-se,disfarçam,disfarçar,se,se,,
defini-la,defini,definir,la,ela,,
Atingiu-me,Atingiu,atingir,me,eu,,
Saber-se-á,Saberá,saber,se,se,,
viu-as,viu,ver,as,o,,
Aparece-lhe,Aparece,aparecer,lhe,ele,,
convence-o,convence,convencer,o,o,,
canta-se,canta,cantar,se,se,,
toca-se,toca,tocar,se,se,,
Fuzilava-o,Fuzilava,fuzilar,o,o,,
prendia-o,prendia,prender,o,o,,
Apagam-se,Apagam,apagar,se,se,,
Desdobra-se,Desdobra,desdobrar,se,se,,
repartiram-se,repartiram,repartir,se,se,,
trouxe-lhe,trouxe,trazer,lhe,ele,,
Perdeu-se,Perdeu,perder,se,se,,
defende-se,defende,defender,se,se,,
atraía-a,atraía,atrair,a,ela,,
passeia-se,passeia,passear,se,se,,
Teme-se,Teme,temer,se,se,,
insistiu-se,insistiu,insistir,se,se,,
supera-a,supera,superar,a,a,,
electrificou-se,electrificou,electrificar,se,se,,
pronuncia-se,pronuncia,pronunciar,se,se,,
dei-lhas,dei,dar,lhas,lha,,
entrou-se,entrou,entrar,se,se,,
avista-se,avista,avistar,se,se,,
agredi-lo,agredi,agredir,lo,ele,,
tapava-lhe,tapava,tapar,lhe,ele,,
defendia-se,defendia,defender,se,se,,
cobriram-na,cobriram,cobrir,na,ela,,
absolveu-o,absolveu,absolver,o,o,,
esgotar-se,esgotar,esgotar,se,se,,
enquadra-se,enquadra,enquar,se,se,,
atribuíram-lhe,atribuíram,atribuir,lhe,ele,,
Despiram-se,Despiram,despirar,se,se,,
Disseram-lhe,Disseram,dizer,lhe,ele,,
cumpriu-se,cumpriu,cumprir,se,se,,
Criou-se,Criou,criar,se,se,,
Provam-no,Provam,provar,no,ele,,
rejeitá-lo,rejeitá,rejeitar,lo,ele,,
ouvia-se,ouvia,ouvir,se,se,,
Avolumam-se,Avolumam,avolumar,se,se,,
ultrapassa-a,ultrapasa,ultrapasar,a,a,,
Confirma-se,Confirma,confirmar,se,se,,
afastarem-se,afastarem,afastar,se,se,,
divertir-me,divertir,divertir,me,eu,,
concretizá-la,concretizá,concretizar,la,ela,,
Pára-se,Pára,parar,se,se,,
negoceia-se,negoceia,negociar,se,se,,
inscrevem-se,inscrevem,inscrever,se,se,,
trocou-o,trocou,trocar,o,o,,
Desfaz-se,Desfaz,desfazer,se,se,,
frisaram-na,frisaram,frisar,na,ela,,
Odeia-se,Odeia,odiiar,se,se,,
Confirmava-se,Confirmava,confirmar,se,se,,
prometeu-lhe,prometeu,prometer,lhe,ele,,
constituiu-se,constituiu,constituir,se,se,,
prova-a,prova,prova,a,a,,
espraia-se,espraia,esprair,se,se,,
Paquete,Pe,Pe,aquete,aquetar,,
encaminhá-los-á,encaminhá,encaminhar,los,eles,,
sabia-o,sabia,saber,o,o,,
escreveram-no,escreveram,escrever,no,ele,,
Coloca-se,Coloca,colocar,se,se,,
feriu-o,feriu,ferir,o,o,,
despiram-se,despiram,despirar,se,se,,
demitiram-se,demitiram,demitir,se,se,,
Abrem-se,Abrem,abrir,se,se,,
acompanhou-a,acompanhou,acompanhar,a,ela,,
adivinhava-se,adivinhava,adivinhar,se,se,,
atribuiu-lhe,atribuiu,atribuir,lhe,ele,,
suicida-se,suicida,suicida,se,se,,
excitava-se,excitava,excitar,se,se,,
enviá-los,enviá,enviar,los,eles,,
despedem-se,despedem,despedir,se,se,,
Chegou-se,Chegou,chegar,se,se,,
procura-a,procura,procurar,a,ela,,
Seguir-se-ão,Seguirá,seguir,se,se,,
desenvolver-se-ia,desenvolvera,desenvolver,se,se,,
apaixona-se,apaixona,apaixonar,se,se,,
rapta-a,rapta,raptar,a,ela,,
ofereceu-os,ofereceu,oferecer,os,o,,
Beijam-se,Beijam,ber,se,se,,
Fica-se,Fica,ficar,se,se,,
lança-se,lança,lançar,se,se,,
vetá-lo,vetá,veter,lo,ele,,
Suspeitava-se,Suspeitava,suspeitar,se,se,,
envia-lhe,envia,enviar,lhe,ele,,
aterrorizá-lo,aterrorizá,aterrorizar,lo,ele,,
Oferecem-lhe,Oferecem,oferecer,lhe,ele,,
Conheci-a,Conheci,conhecer,a,ela,,
tratar-se-á,tratará,tratar,se,se,,
entregou-o,entregou,entregar,o,o,,
cancelou-a,cancelou,cancelar,a,ela,,
Altera-se,Altera,alterar,se,se,,
processá-los,processá,processar,los,eles,,
divide-os,divide,dividir,os,o,,
aproxima-os,aproxima,aproximar,os,o,,
Prepara-se,Prepara,preparar,se,se,,
visitou-o,visitou,visitar,o,o,,
relatava-se,relatava,relatar,se,se,,
evidenciaram-se,evidenciaram,evidenciar,se,se,,
trazer-lhe,trazer,trazer,lhe,ele,,
desentendem-se,desentendem,desentender,se,se,,
devolve-me,devolve,devolver,me,eu,,
comoveu-a,comoveu,comover,a,ela,,
Atribuíram-lhe,Atribuíram,atribuir,lhe,ele,,
diziam-me,diziam,dizer,me,eu,,
despista-se,despista,despistar,se,se,,
dizem-lhe,dizem,dizer,lhe,ele,,
visitam-se,visitam,visitar,se,se,,
Alterou-se,Alterou,alterar,se,se,,
calaram-se,calaram,calar,se,se,,
pagava-se,pagava,pagar,se,se,,
mexer-se,mexer,mexer,se,se,,
dizer-lhe,dizer,dizer,lhe,ele,,
Sucede-lhe,Sucede,suceder,lhe,ele,,
perco-me,perco,percar,me,eu,,
ouvi-las,ouvi,ouvir,las,elas,,
lia-se,lia,ler,se,se,,
extreminá-los-ia,extreminá,extreminar,losi,losi,,
aguentou-se,aguentou,aguentar,se,se,,
infiltrava-se,infiltrava,infiltrar,se,se,,
desdobrava-se,desdobrava,desdobrar,se,se,,
atacaram-na,atacaram,atacar,na,ela,,
mataram-na,mataram,matar,na,ela,,
Pretende-se,Pretende,pretender,se,se,,
compreendê-los,comprenendo,comprener,los,eles,,
Brinda-se,Brinda,brizer,se,se,,
ia-se,ia,ir,se,se,,
Vinha-se,Vinha,vir,se,se,,
Passa-me,Passa,passar,me,eu,,
roubaram-lhe,roubaram,roubar,lhe,ele,,
podiam-se,podiam,poder,se,se,,
Diz-me,Diz,dizer,me,eu,,
Sobram-me,Sobram,sobrar,me,eu,,
amplificaram-na,amplificaram,amplificar,na,ela,,
incendiaram-na,incendiaram,incendiar,na,ela,,
Descobrira-se,Descobrira,descobrir,se,se,,
Assistiu-se,Assistiu,assistir,se,se,,
adaptaram-se,adaptaram,adaptar,se,se,,
perdia-se,perdia,perder,se,se,,
Resolver-se-ia,Resolveria,resolver,se,se,,
Ganha-se,Ganha,ganhar,se,se,,
socorrê-los,socorrê,socorrer,los,eles,,
intimidá-lo,intimidá,intimidar,lo,ele,,
impressionou-me,impressionou,impressionar,me,eu,,
candidatou-se,candidatou,candidatar,se,se,,
Vibrou-se,Vibrou,vibrar,se,se,,
poder-se-á,poderá,poder,se,se,,
concentraram-se,concentraram,concentrar,se,se,,
provam-no,provam,provar,no,ele,,
atribuiu-a,atribuiu,atribuir,a,ela,,
defendem-se,defendem,defender,se,se,,
Afirmou-o,Afirmou,afirmar,o,o,,
reconhecem-se,reconhecem,reconhecer,se,se,,
aconselhou-lhe,aconselhou,aconselhar,lhe,ele,,
Evidencia-se,Evidencia,evidencer,se,se,,
fazerem-no,fazerem,fazer,no,ele,,
Afasta-se,Afasta,afastar,se,se,,
produzi-los,produzi,produzir,los,eles,,
dizes-me,dizes,dizer,me,eu,,
negociou-se,negociou,negociar,se,se,,
incomoda-me,incomoda,incomodar,me,eu,,
meti-me,meti,meter,me,eu,,
Esperam-no,Esperam,esperar,no,ele,,
embrulhar-se,embrulhar,embrulhar,se,se,,
Discutiu-se,Discutiu,discutir,se,se,,
Lesionou-se,Lesionou,lesionar,se,se,,
despediu-a,despediu,despedir,a,ela,,
adoro-o,adoro,adorar,o,o,,
tocaram-se,tocaram,tocar,se,se,,
Vinguei-me,Vinguei,vinguir,me,eu,,
percorre-se,percorre,percorrer,se,se,,
consegui-lo,consegui,conseguir,lo,ele,,
cumpre-se,cumpre,cumprir,se,se,,
Demitiu-se,Demitiu,demitir,se,se,,
cumpriram-na,cumpriram,cumprir,na,ela,,
afirma-se,afirma,afirmar,se,se,,
ama-a,ama,amar,a,ela,,
intensificou-se,intensificou,intensificar,se,se,,
acentuaram-se,acentuaram,acentuar,se,se,,
apresentou-me,apresentou,apresentar,me,eu,,
ajudá-la,ajudá,ajudar,la,ela,,
nulas,em,em,ulas,ula,,
Confronta-o,Confronta,confrontar,o,o,,
apoiei-o,apoiei,apoiar,o,o,,
Ensaia-se,Ensaia,ensal,se,se,,
reorganizou-se,reorganizou,reorganizar,se,se,,
invertem-se,invertem,inverter,se,se,,
lançaram-lhe,lançaram,lançar,lhe,ele,,
prender-me,prender,prender,me,eu,,
transmitiu-a,transmitiu,transmitir,a,a,,
Escreve-me,Escreve,escrever,me,eu,,
obrigá-los,obrigá,obrigar,los,eles,,
Estreia-se,Estreia,estreia,se,se,,
desce-se,desce,descer,se,se,,
ganha-se,ganha,ganhar,se,se,,
descobriu-se,descobriu,descobrir,se,se,,
consumava-se,consumava,consumar,se,se,,
algemar-me-ia,algemaria,algemar,me,eu,,
Escreveu-o,Escreveu,escrever,o,o,,
celebra-se,celebra,celebrar,se,se,,
aguarda-se,aguarda,aguardar,se,se,,
acentuam-se,acentuam,acentuar,se,se,,
joga-se,joga,jogar,se,se,,
Preocupava-se,Preocupava,preocupar,se,se,,
enviou-lhe,enviou,enviar,lhe,ele,,
pronunciaram-se,pronunciaram,pronunciar,se,se,,
questionaram-no,questionaram,questionar,no,ele,,
alterar-se,alterar,alterar,se,se,,
reuni-los,reuni,reunir,los,eles,,
Viu-se,Viu,ver,se,se,,
Enviam-me,Enviam,enviar,me,eu,,
falava-se,falava,falar,se,se,,
suspeita-se,suspeita,suspeitar,se,se,,
Entra-se,Entra,entrar,se,se,,
mandou-o,mandou,mandar,o,o,,
remete-se,remete,remeter,se,se,,
desorientar-se,desorientar,desorientar,se,se,,
legalizaram-se,legalizaram,legalizar,se,se,,
partir-se,partir,partir,se,se,,
Registam-se,Registam,registar,se,se,,
eclipsou-se,eclipsou,eclipsar,se,se,,
Fecham-se,Fecham,fechar,se,se,,
concentram-se,concentram,concentrar,se,se,,
suicida-se,suicida,suicidar,se,se,,
atolou-se,atolou,atolar,se,se,,
Combate-se,Combate,Combate,se,se,,
diz-me,diz,dizer,me,eu,,
Previa-se,Previa,prever,se,se,,
destruir-se,destruir,destruir,se,se,,
É-se,É,ser,se,se,,
li-o,li,ler,o,o,,
servir-se,servir,servir,se,se,,
dominá-lo,dominá,dominar,lo,ele,,
atrasar-se,atrasar,atrasar,se,se,,
Desenha-se,Desenha,desenhar,se,se,,
apareceu-me,apareceu,aparecer,me,eu,,
Disse-se,Disse,dizer,se,se,,
dissolver-se,dissolver,dissolver,se,se,,
querem-me,querem,querer,me,eu,,
Arromba-se,Arromba,arrombar,se,se,,
enviaram-lhas,enviaram,enviar,lhas,lha,,
Bate-se,Bate,bater,se,se,,
escrevo-os,escrevo,escrever,os,o,,
Acumula-se,Acumula,acumular,se,se,,
frequentá-lo,frequentá,frequentar,lo,ele,,
classificar-me,classificar,classificar,me,eu,,
Discute-se,Discute,discutir,se,se,,
encena-se,encena,encenar,se,se,,
reouviu-se,reouviu,reouvir,se,se,,
enfiaram-me,enfiaram,enfiar,me,eu,,
admite-os,admite,admitir,os,o,,
atendê-lo,atendê,atender,lo,ele,,
ameaçaram-na,ameaçaram,ameaçar,na,ela,,
renova-se,renova,renovar,se,se,,
apoiá-las,apoiá,apoiar,las,elas,,
actualiza-as,actualiza,actualizar,as,o,,
adapta-as,adapta,adaptar,as,o,,
continua-se,continua,continuar,se,se,,
Insurgiu-se,Insurgiu,insurgir,se,se,,
experimentá-lo,experimentá,experimentar,lo,ele,,
Trituraram-no,Trituraram,triturar,no,ele,,
Registaram-se,Registaram,registar,se,se,,
angariá-las,angariá,angariar,las,elas,,
Regista-se,Regista,registar,se,se,,
manifestou-se,manifestou,manifestar,se,se,,
confere-lhe,confere,conferir,lhe,ele,,
dissecando-as,dissecando,dissecar,as,o,,
sondando-as,sondando,sondar,as,o,,
gera-se,gera,gerar,se,se,,
Mentiram-me,Mentiram,mentir,me,eu,,
aboli-lo,aboli,abolir,lo,ele,,
superaram-se,superaram,superar,se,se,,
Entregou-se,Entregou,entregar,se,se,,
Esperava-se,Esperava,esperar,se,se,,
reformou-se,reformou,reformar,se,se,,
desfaz-se,desfaz,desfazer,se,se,,
dão-lhe,dão,dar,lhe,ele,,
atrasaram-se,atrasaram,atrasar,se,se,,
expande-se,expande,expander,se,se,,
desenvolvê-la,desenvolvê,desenvolver,la,ela,,
perdem-se,perdem,perder,se,se,,
Desiludiram-me,Desiludiram,desiludir,me,eu,,
aplaudiram-na,aplaudiram,aplaudir,na,ela,,
Morde-a,Morde,morder,a,ela,,
deita-a,deita,deitar,a,a,,
deitaram-se,deitaram,deitar,se,se,,
Aproveitou-se,Aproveitou,aproveitar,se,se,,
defrontar-se,defrontar,defrontar,se,se,,
resumiu-se,resumiu,resumir,se,se,,
Aguentou-se,Aguentou,aguentar,se,se,,
suspendendo-o,suspendendo,suspender,o,o,,
expandiu-se,expandiu,expandir,se,se,,
Refiro-me,Refiro,refirar,me,eu,,
Querem-no,Querem,querer,no,ele,,
Comprei-a,Comprei,comprir,a,ela,,
aproveitou-se,aproveitou,aproveitar,se,se,,
Adaptou-se,Adaptou,adaptar,se,se,,
cancelou-o,cancelou,cancelar,o,o,,
Apresentou-as,Apresentou,apresentar,as,o,,
deteriorou-se,deteriorou,deteriorar,se,se,,
movia-se,movia,mover,se,se,,
deixá-los,deixá,deixar,los,eles,,
Arruinou-me,Arruinou,arruinar,me,eu,,
piorá-lo,piorá,pior,lo,ele,,
Vai-se,Vai,ir,se,se,,
especializa-se,especializa,especializar,se,se,,
analisá-lo,analisá,analisar,lo,ele,,
direccionando-os,direccionando,direccionar,os,o,,
intensificar-se,intensificar,intensificar,se,se,,
romperam-se,romperam,romper,se,se,,
Senta-se,Senta,sentar,se,se,,
Adoro-os,Adoro,adorar,os,o,,
exigem-nas,exigem,exigir,nas,elas,,
despegá-los,despegá,despegar,los,eles,,
encontrar-se,encontrar,encontrar,se,se,,
dar-nos,dar,dar,nos,nós,,
Perguntem-me,Perguntem,perguntar,me,eu,,
esquecermo-nos,esquecermo,esquecer,nos,nós,,
revela-nos,revela,revelar,nos,nós,,
faz-me,faz,fazer,me,eu,,
tiram-nos,tiram,tir,nos,nós,,
ouvi-la,ouvi,ouvir,la,ela,,
rebelaram-se,rebelaram,rebelar,se,se,,
digladiar-se,digladiar,digladiar,se,se,,
voltou-se,voltou,voltar,se,se,,
voltaram-se,voltaram,voltar,se,se,,
assegurar-se,assegurar,assegurar,se,se,,
encaminhou-se,encaminhou,encaminhar,se,se,,
fitou-a,fitou,fitar,a,ela,,
falou-lhe,falou,falar,lhe,ele,,
traumatizou-me,traumatizou,traumatizar,me,eu,,
apercebi-me,apercebi,aperceber,me,eu,,
acredita-se,acredita,acreditar,se,se,,
aproveitá-lo,aproveitá,aproveitar,lo,ele,,
socializar-se,socializar,socializar,se,se,,
relacionar-se,relacionar,relacionar,se,se,,
captá-lo,captá,captar,lo,ele,,
Deixaram-no,Deixaram,deixar,no,ele,,
entregá-los,entregá,entregar,los,eles,,
familiarizar-se,familiarizar,familiarizar,se,se,,
ensinam-no,ensinam,ensinar,no,ele,,
acompanha-me,acompanha,acompanhar,me,eu,,
mantiveram-nos,mantiveram,manter,nos,nós,,
identifica-se,identifica,identificar,se,se,,
permite-nos,permite,permitir,nos,nós,,
apoia-nos,apoia,apoiar,nos,nós,,
garanto-lhe,garanto,garantar,lhe,ele,,
Enganaram-se,Enganaram,enganar,se,se,,
meteu-se,meteu,meter,se,se,,
diz-nos,diz,dizer,nos,nós,,
Pedem-me,Pedem,pedir,me,eu,,
Deixou-a,Deixou,deixar,a,ela,,
habitá-la,habitá,habitar,la,ela,,
lembrei-me,lembrei,lembrar,me,eu,,
doaram-ma,doaram,doar,ma,ela,,
convidou-me,convidou,convidar,me,eu,,
repeti-las,repeti,repetir,las,elas,,
tornar-me,tornar,tornar,me,eu,,
vão-se,vão,ir,se,se,,
meter-me,meter,meter,me,eu,,
Afligem-me,Afligem,afligar,me,eu,,
retirar-se,retirar,retirar,se,se,,
Levante-se,Levante,levantar,se,se,,
chamava-lhe,chamava,chamar,lhe,ele,,
abriu-lhe,abriu,abrir,lhe,ele,,
Licenciou-se,Licenciou,licenciar,se,se,,
cruzar-se,cruzar,cruzar,se,se,,
licenciou-se,licenciou,licenciar,se,se,,
devolve-o,devolve,devolver,o,o,,
esconder-nos,esconder,esconder,nos,nós,,
elegeram-nas,elegeram,eleger,nas,elas,,
define-se,define,definir,se,se,,
socorreu-se,socorreu,socorrer,se,se,,
esconder-se,esconder,esconder,se,se,,
ser-lhes,ser,ser,lhes,eles,,
parecer-lhe,parecer,parecer,lhe,ele,,
comprometia-se,comprometia,comprometer,se,se,,
depreende-se,depreende,depreender,se,se,,
questiona-se,questiona,questionar,se,se,,
custou-me,custou,custar,me,eu,,
passar-se,passar,passar,se,se,,
reflectiu-se,reflectiu,reflectir,se,se,,
retraiu-se,retraiu,retrair,se,se,,
dever-se-ão,deverá,dever,se,se,,
inscreveram-se,inscreveram,inscrever,se,se,,
assistir-se,assistir,assistir,se,se,,
apreciou-se,apreciou,apreciar,se,se,,
mostraram-se,mostraram,mostrar,se,se,,
cotou-se,cotou,cotar,se,se,,
desorientando-se,desorientando,desorientar,se,se,,
candidatar-se,candidatar,candidatar,se,se,,
Deixem-no,Deixem,deixar,no,ele,,
encaminhar-lhes,encaminhar,encaminhar,lhes,eles,,
estar-se,estar,estar,se,se,,
ocupou-o,ocupou,ocupar,o,o,,
colocando-o,colocando,colocar,o,o,,
vê-las,vê,ver,las,elas,,
Chamar-se-á,Chamará,chamar,se,se,,
considera-a,considera,considerar,a,a,,
salvaguarda-se,salvaguara,salvaguar,se,se,,
saldando-se,saldando,saldar,se,se,,
esforçar-se,esforçar,esforçar,se,se,,
opõe-se,opõe,opor,se,se,,
parasse,para,para,ase,ase,,
recreou-se,recreou,recrear,se,se,,
deslocaram-se,deslocaram,deslocar,se,se,,
fugir-lhe,fugir,fugir,lhe,ele,,
chamou-lhe,chamou,chamar,lhe,ele,,
olhá-lo,olhá,olhar,lo,ele,,
atribuiu-se,atribuiu,atribuir,se,se,,
refira-se,refira,refirar,se,se,,
auto-de-fé,auto-de,auto-de,fe,fe,,
condenando-os,condenando,condenar,os,o,,
reunir-se-ão,reunirá,reunir,se,se,,
tranquilizar-se,tranquilizar,tranquilizar,se,se,,
aplicam-se,aplicam,aplicar,se,se,,
ofereceu-nos,ofereceu,oferecer,nos,nós,,
instalou-se-me,instalou,instalar,se,se,,
defronta-se,defronta,defrontar,se,se,,
far-se-ão,fará,fazer,se,se,,
considerou-os,considerou,considerar,os,o,,
baseiam-se,baseiam,basear,se,se,,
admitindo-se,admitindo,admitir,se,se,,
atrasou-se,atrasou,atrasar,se,se,,
confirmar-lhe,confirmar,confirmar,lhe,ele,,
repeli-los,repeli,repelir,los,eles,,
anuncia-se,anuncia,anunciar,se,se,,
compor-se,compor,compor,se,se,,
manter-se-ia,manteria,manter,se,se,,
ressentiram-se,ressentiram,ressentir,se,se,,
fixando-se,fixando,fixar,se,se,,
jubila-se,jubila,jubilar,se,se,,
deixarmo-nos,deixarmo,deixar,nos,nós,,
vejo-a,vejo,vir,a,ela,,
prova-se,prova,prova,se,se,,
parecia-me,parecia,parecer,me,eu,,
diluir-me,diluir,diluir,me,eu,,
Começa-se,Começa,começar,se,se,,
pagando-o,pagando,pagar,o,o,,
algemar-nos,algemar,algemar,nos,nós,,
seguir-me,seguir,seguir,me,eu,,
Há-de,Há,haver,de,de,,
aplicar-lhe,aplicar,aplicar,lhe,ele,,
receava-se,receava,recear,se,se,,
congratulam-se,congratulam,congratular,se,se,,
Recorda-se,Recorda,recordar,se,se,,
reconciliou-se,reconciliou,reconciliar,se,se,,
saudaram-se,saudaram,saudar,se,se,,
encontrarem-se,encontrarem,encontrar,se,se,,
informar-me,informar,informar,me,eu,,
dizer-nos,dizer,dizer,nos,nós,,
fazer-se,fazer,fazer,se,se,,
tornou-as,tornou,tornar,as,o,,
disponibilizando-se,disponibilizando,disponibilizar,se,se,,
convencendo-o,convencendo,convencer,o,o,,
agradeceu-lhe,agradeceu,agradecer,lhe,ele,,
prová-lo,prová,provar,lo,ele,,
Reunimo-nos,Reunimo,reunimar,nos,nós,,
Interrogamo-nos,Interrogamo,interrogar,nos,nós,,
ler-se,ler,ler,se,se,,
teme-se,teme,temer,se,se,,
recusou-se,recusou,recusar,se,se,,
qualificá-la,qualificá,qualificar,la,ela,,
cai-se,cai,cair,se,se,,
reconciliar-se,reconciliar,reconciliar,se,se,,
banhar-se,banhar,banhar,se,se,,
transformando-os,transformando,transformar,os,o,,
afirmava-se,afirmava,afirmar,se,se,,
enfrentava-se,enfrentava,enfrentar,se,se,,
entregá-la,entregá,entregar,la,ela,,
Daquele,De,de,aquele,aquele,,
-ela,Em,em,a,ela,,
encaminhava-se,encaminhava,encaminhar,se,se,,
contradizê-lo,contradizê,contradizir,lo,ele,,
Ouví-los,Ouví,ouvir,los,eles,,
protegê-los,protegê,proteger,los,eles,,
respeitá-los,respeitá,respeitar,los,eles,,
tê-los,tê,ter,los,eles,,
entrego-lhes,entrego,entregar,lhes,eles,,
extinguí-la,extinguí,extinguir,la,ela,,
queixaram-se,queixaram,queixar,se,se,,
Dane-se,Dane,Dane,se,se,,
provocá-lo,provocá,provocar,lo,ele,,
chamando-a,chamando,chamar,a,a,,
convidavam-nos,convidavam,convidar,nos,nós,,
Corre-se,Corre,correr,se,se,,
inseriram-se,inseriram,inserir,se,se,,
casou-se,casou,casar,se,se,,
importá-lo,importá,importar,lo,ele,,
Àquela,Em,em,uuela,uuela,,
vê-lo,vê,ver,lo,ele,,
desejo-lhe,desejo,desejo,lhe,ele,,
ultrapassou-se,ultrapassou,ultrapassar,se,se,,
má-fé,má,má,fé,fé,,
lembre-se,lembre,lembrar,se,se,,
cooptá-lo,cooptá,cooptar,lo,ele,,
Admita-se,Admita,admitir,se,se,,
atingí-lo,atingí,atingir,lo,ele,,
suportá-la,suportá,suportar,la,ela,,
abatê-lo,abatê,abater,lo,ele,,
recuá-la,recuá,recuar,la,ela,,
tratá-lo,tratá,tratar,lo,ele,,
esticar-se,esticar,esticar,se,se,,
Encontrava-se,Encontrava,encontrar,se,se,,
rompê-la,rompê,romper,la,ela,,
trocá-lo,trocá,trocar,lo,ele,,
levá-la,levá,levar,la,ela,,
abraçá-lo,abraçá,abraçar,lo,ele,,
[dele,[or,[or,le,le,,
trazê-la,trazê,trazer,la,ela,,
quebrá-la,quebrá,quebrar,la,ela,,
leva-se,leva,levar,se,se,,
fundou-se,fundou,fundar,se,se,,
causando-se,causando,causar,se,se,,
Sinto-me,Sinto,sentir,me,eu,,
Impõe-se,Impõe,impor,se,se,,
Àqueles,A,a,aqueles,aquele,,
limpá-lo,limpá,limpar,lo,ele,,
Entregava-os,Entregava,entregar,os,o,,
fritá-los,fritá,fritar,los,eles,,
Permite-se,Permite,permitir,se,se,,
conta-nos,conta,contar,nos,nós,,
assassiná-lo,assassiná,assassinar,lo,ele,,
enfrentá-la,enfrentá,enfrentar,la,ela,,
trocá-los,trocá,trocar,los,eles,,
paga-se,paga,pagar,se,se,,
assemelhar-se,assemelhar,assemelhar,se,se,,
atraía-nos,atraía,atrair,nos,nós,,
ofendê-la,ofendê,ofender,la,ela,,
melhorá-lo,melhorá,melhor,lo,ele,,
tributa-se,tributa,tributar,se,se,,
nutre,em,em,utre,utre,,
abastecê-lo,abastecê,abastecer,lo,ele,,
defendê-lo,defendê,defender,lo,ele,,
Moveu-me,Moveu,mover,me,eu,,
s,a,a,a,ela,,
desfazer-se,desfazer,desfazer,se,se,,
queixava-se,queixava,queixar,se,se,,
envenená-lo,envenená,envenenar,lo,ele,,
vê-los,vê,ver,los,eles,,
obtê-la,obtê,obter,la,ela,,
adaptarem-se,adaptarem,adaptar,se,se,,
Encantava-nos,Encantava,encantar,nos,nós,,
achávamo-nos,achávamo,achávar,nos,nós,,
decidir-se,decidir,decidir,se,se,,
-eles,Em,em,es,eles,,
preparem-se,preparem,preparar,se,se,,
Dizem-me,Dizem,Dizem,me,eu,,
trazê-los,trazê,trazer,los,eles,,
levá-lo,levá,levar,lo,ele,,
Deixou-o,Deixou,deixar,o,o,,
transformá-las,transformá,transformar,las,elas,,
exercê-lo,exercê,exercer,lo,ele,,
valendo-lhe,valendo,valer,lhe,ele,,
apoia-se,apoia,apoiar,se,se,,
descartá-lo,descartá,descartar,lo,ele,,
notabilizou-se,notabilizou,notabilizar,se,se,,
salvaguardá-lo,salvaguará,salvaguar,lo,ele,,
cobrar-lhe,cobrar,cobrar,lhe,ele,,
assediá-la,assediá,assedir,la,ela,,
reprimí-la,reprimí,reprimir,la,ela,,
aprová-la,aprová,aprovar,la,ela,,
-isso,Em,em,sso,sso,,
chamá-los,chamá,chamar,los,eles,,
Suspeita-se,Suspeita,suspeitar,se,se,,
hip-hop,hip,hip,hopp,hopp,,
abalou-se,abalou,abalar,se,se,,
introduzí-lo,introduzí,introduzir,lo,ele,,
acreditava-se,acreditava,acreditar,se,se,,
puní-lo,puní,punir,lo,ele,,
namorá-la,namorá,namorar,la,ela,,
corre-se,corre,correr,se,se,,
Saí,Sm,Sm,a,o,,
lê-lo,lê,ler,lo,ele,,
calei-me,calei,calar,me,eu,,
acessá-las,acessá,acessar,las,elas,,
Manter-se,Manter,manter,se,se,,
enganá-lo,enganá,enganar,lo,ele,,
transmití-lo,transmití,transmitir,lo,ele,,
Viu-a,Viu,ver,a,ela,,
ressuscitá-lo,ressuscitá,ressuscitar,lo,ele,,
aprimorá-las,aprimorá,aprimorar,las,elas,,
usá-las,usá,usar,las,elas,,
meia-lua,meia,meio,lua,lua,,
repetia-se,repetia,repetir,se,se,,
Manteve-se,Manteve,manter,se,se,,
recrutá-los,recrutá,recrutar,los,eles,,
abatia-se,abatia,abater,se,se,,
tirá-lo,tirá,tir,lo,ele,,
lembrá-lo,lembrá,lembrar,lo,ele,,
censurá-las,censurá,censurar,las,elas,,
adaptá-lo,adaptá,adaptar,lo,ele,,
protegê-las,protegê,proteger,las,elas,,
Acrescente-se,Acrescente,acrescentar,se,se,,
indicá-la,indicá,indicar,la,ela,,
implantá-lo,implantá,implantar,lo,ele,,
curvou-se,curvou,curvar,se,se,,
torná-los,torná,tornar,los,eles,,
apresentando-o,apresentando,apresentar,o,o,,
start-up,start,start,u,u,,
buscá-la,buscá,buscer,la,ela,,
Vive-se,Vive,viver,se,se,,
atribuiu-o,atribuiu,atribuir,o,o,,
encaixa-se,encaixa,encaixar,se,se,,
saiu-se,saiu,sair,se,se,,
-pelo,Eor,Eor,o,o,,
iluminá-lo,iluminá,iluminar,lo,ele,,
chora-se,chora,chorar,se,se,,
inspirá-lo,inspirá,inspirar,lo,ele,,
decorá-la,decorá,decorar,la,ela,,
afastá-lo,afastá,afastar,lo,ele,,
Supunha-se,Supunha,supor,se,se,,
Pergunto-me,Pergunto,perguntar,me,eu,,
exaltou-se,exaltou,exaltar,se,se,,
convencê-lo,convencê,convencer,lo,ele,,
Beneficiou-se,Beneficiou,beneficiar,se,se,,
Foi-se,Foi,foi,se,se,,
Sobe-se,Sobe,subir,se,se,,
-dos,de,de,os,o,,
envolveu-se,envolveu,envolver,se,se,,
ouvi-los,ouvi,ouvir,los,eles,,
Saí,Sm,Sm,a,a,,
Desdobrava-se,Desdobrava,desdobrar,se,se,,
jogue-se,jogue,jogar,se,se,,
concretizava-se,concretizava,concretizar,se,se,,
aplicando-os,aplicando,aplicar,os,o,,
recuperá-lo,recuperá,recuperar,lo,ele,,
culpá-lo,culpá,culpar,lo,ele,,
balançando-se,balançando,balançar,se,se,,
salvá-lo,salvá,salvar,lo,ele,,
trazê-lo,trazê,trazer,lo,ele,,
aplicar-se,aplicar,aplicar,se,se,,
tornando-a,tornando,tornar,a,a,,
Nesto,Em,em,esto,esto,,
tomá-la,tomá,tomar,la,ela,,
peles,por,por,es,es,,
Foram-lhe,Foram,ser,lhe,ele,,
Dirigindo-se,Dirigindo,dirigir,se,se,,
arrepende-se,arrepende,arrepender,se,se,,
deduzi-lo,deduzi,deduzir,lo,ele,,
desmoronou-se,desmoronou,desmoronar,se,se,,
proibindo-lhe,proibindo,proibir,lhe,ele,,
declarou-se,declarou,declarar,se,se,,
Prepare-se,Prepare,preparar,se,se,,
=>,=,=,>,>,,
belo,bor,bor,o,o,,
bbas-nm,bbas,bbas,nm,nm,,
saber-se,saber,saber,se,se,,
estc-nm,estc,estc,nm,nm,,
lambuzou-se,lambuzou,lambuzar,se,se,,
gfsa-nm,gfsa,gfsa,nm,nm,,
ligt-nm,ligt,ligt,nm,nm,,
dtex-nm,dtex,dtex,nm,nm,,
timp-nm,timp,timp,nm,nm,,
bbas-nm,bbas,bba,nm,nm,,
ciel-nm,ciel,ciel,nm,nm,,
n…,em,em,…,...,,
hgtx-nm,hgtx,hgtx,nm,nm,,
d…,de,de,…,...,,
Enfiei-lhes,Enfiei,enfiar,lhes,eles,,
ajustando-se,ajustando,ajustar,se,se,,
nao,em,em,o,o,,
pila,por,por,a,ela,,
ecor-nm,ecor,ecor,nm,nm,,
Levou-me,Levou,levar,me,eu,,
alll-nm,alll,alll,nm,nm,,
pila,por,por,a,o,,
sbsp-nm,sbsp,sbsp,nm,nm,,
As,A,a,s,s,,
@marcos_bicalho,@marcososica,@marcososica,lho,ele,,
...kkkkkk,...kkk,...kkk,kk,kk,,
brml-nm,brml,brml,nm,nm,,
aedu-nm,aedu,aedu,nm,nm,,
hummmm,hu,hu,mmm,mmm,,
embr-nm,embr,embr,nm,nm,,
fibr-nm,fibr,fibr,nm,nm,,
even-nm,even,even,nm,nm,,
Apaixonaram-se,Apaixonaram,apaixonar,se,se,,
Chama-se,Chama,chamar,se,se,,
p/,p,p,/,/,,
destruí-la,destruí,destruir,la,ela,,
