Model,Task,Language,Tokens/Word,Perplexity,Pseudo-Perplexity,BPB
Tucano,CAPACITAR,PB NATIVO,1.3185910394623197,31.61629719129018,,1.0786147505856252
Tucano,CAPACITAR,ESPANHOL,1.6674095115506222,23.555305184104448,,1.2785271128237559
Tucano,CAPACITAR,FRANCÊS,2.0566971351256917,19.35308367453227,,1.4334451226219602
Tucano,CAPACITAR,GALEGO,1.450931167280714,73.75840804487251,,1.552994639183524
Tucano,CAPACITAR,INGLÊS,1.6641201310614901,25.93139886057157,,1.413013856716575
Tucano,CAPACITAR,MANDARIM,1.7853014699207153,38.6219554137417,,2.2635111483557435
Tucano,CAPACITAR,RUSSO,3.139918949700623,139.88818712917953,,3.114677960207493
Tucano,CAPACITAR,ÁRABE,3.3517937456144145,105.86543037210109,,3.0505928835514653
Tucano,COMPARTILHAR,PB NATIVO,1.6001272531183066,30.24630038043048,,1.167593941076699
Tucano,COMPARTILHAR,ESPANHOL,2.0074323080837044,24.38479912545714,,1.4836855634997421
Tucano,COMPARTILHAR,FRANCÊS,2.189271305109747,28.386556926593318,,1.735477580027428
Tucano,COMPARTILHAR,GALEGO,1.8547938013337928,63.752609722184985,,1.7835528581445297
Tucano,COMPARTILHAR,INGLÊS,2.153296788858576,33.99362397549918,,1.7522549177816427
Tucano,COMPARTILHAR,MANDARIM,3.357434800882299,30.7942653853557,,2.5484740289368797
Tucano,COMPARTILHAR,RUSSO,3.1265887675029376,141.48204591818077,,3.1638862819875384
Tucano,COMPARTILHAR,ÁRABE,3.1342641763132466,88.66727165193247,,2.9772104112286577
Tucano,EXPLICAR,PB NATIVO,1.3104052361992748,25.02386395155549,,0.9551336169671358
Tucano,EXPLICAR,ESPANHOL,1.749809818520679,19.327554571779366,,1.2200021215332117
Tucano,EXPLICAR,FRANCÊS,2.1880290744910584,16.177295955420202,,1.3561357105750818
Tucano,EXPLICAR,GALEGO,1.6444341411168466,53.361376949405056,,1.5219498363400235
Tucano,EXPLICAR,INGLÊS,1.992069008508473,25.137376374153405,,1.4832496898635879
Tucano,EXPLICAR,MANDARIM,3.4549901881326996,23.77201306237444,,2.2858292633832855
Tucano,EXPLICAR,RUSSO,2.885269699892188,115.14114985690574,,2.8447813327611264
Tucano,EXPLICAR,ÁRABE,3.0875140771231533,84.96375680312055,,2.83702106448557
Tucano,EXPLORAR,PB NATIVO,1.4294008468862183,41.57440251547553,,1.2138943704316592
Tucano,EXPLORAR,ESPANHOL,1.8739231158113299,28.554630964395443,,1.4386267964656698
Tucano,EXPLORAR,FRANCÊS,2.2064152625280875,29.310062075799397,,1.5929127573943445
Tucano,EXPLORAR,GALEGO,1.7772304286951293,58.69525173663396,,1.676059442281274
Tucano,EXPLORAR,INGLÊS,1.7626808789504629,34.65800904316006,,1.50099008264372
Tucano,EXPLORAR,MANDARIM,1.9257770045214917,78.66593720356671,,2.310393794928414
Tucano,EXPLORAR,RUSSO,3.26074868872746,129.018546656928,,2.9706575252837695
Tucano,EXPLORAR,ÁRABE,3.3987268224628093,242.78492403674719,,3.2267728792733927
Tucano,FAZER,PB NATIVO,1.3809624692462636,76.63359262259517,,1.132393250526212
Tucano,FAZER,ESPANHOL,1.8003716658725768,20.902091303136782,,1.2334010590623874
Tucano,FAZER,FRANCÊS,2.206231456544567,15.905201885480844,,1.3548253863023765
Tucano,FAZER,GALEGO,1.7132543202617432,47.76403033101958,,1.456355358958984
Tucano,FAZER,INGLÊS,2.053579897518547,26.6771618057374,,1.450469484110826
Tucano,FAZER,MANDARIM,3.525154362790215,27.798637438887447,,2.3855704217058884
Tucano,FAZER,RUSSO,3.1255995428553724,116.82222831747616,,2.8632447596009443
Tucano,FAZER,ÁRABE,3.507986593527845,71.51222553963362,,2.7606097268471728
Tucano,RECOMENDAR,PB NATIVO,1.2862240758388535,23.039209503875576,,0.9740879001035555
Tucano,RECOMENDAR,ESPANHOL,1.7527867913084807,17.93027939823097,,1.213672267804457
Tucano,RECOMENDAR,FRANCÊS,2.133060854123535,17.216018657688704,,1.3971318148510745
Tucano,RECOMENDAR,GALEGO,1.6217846255400892,43.09415079620433,,1.4865257336618258
Tucano,RECOMENDAR,INGLÊS,1.7459142275595436,21.72616824519899,,1.3589358499579964
Tucano,RECOMENDAR,MANDARIM,2.005801976653475,33.56850496354936,,2.1716909996949645
Tucano,RECOMENDAR,RUSSO,3.1194149605613695,94.52690664363962,,2.836440061444664
Tucano,RECOMENDAR,ÁRABE,3.398286495313121,142.0237834571314,,3.2741609496998647
Tucano,RECRIAR,PB NATIVO,1.438088349112067,28.38917818515201,,1.2165508401089828
Tucano,RECRIAR,ESPANHOL,1.874896981677561,25.67136518947794,,1.541278692128384
Tucano,RECRIAR,FRANCÊS,2.075648784978466,17.732443920756868,,1.5226142694530322
Tucano,RECRIAR,GALEGO,1.786618264145305,63.814413803592345,,1.8573660166759307
Tucano,RECRIAR,INGLÊS,1.8753778518765412,19.149844227630943,,1.4825231448315948
Tucano,RECRIAR,MANDARIM,1.8981522985771637,59.760324815116064,,2.4935302455499584
Tucano,RECRIAR,RUSSO,2.885928281237849,125.42170675438123,,3.038513562713232
Tucano,RECRIAR,ÁRABE,2.6735032752024908,99.5607699273357,,2.930922880951843
Tucano,RELATAR,PB NATIVO,1.2181614720291885,32.86326949835589,,1.0130593849164125
Tucano,RELATAR,ESPANHOL,1.7542824997688056,19.2128119764661,,1.2539950622657925
Tucano,RELATAR,FRANCÊS,2.1188447329185447,13.892696564834026,,1.2918549513172397
Tucano,RELATAR,GALEGO,1.5934601261624026,54.51168466120347,,1.5609749922031284
Tucano,RELATAR,INGLÊS,1.7498819119670648,15.985965402623531,,1.2410127552950123
Tucano,RELATAR,MANDARIM,2.158640798437555,46.251471867368615,,2.425958185413109
Tucano,RELATAR,RUSSO,3.071026899389367,112.52459977399045,,3.0014599000491033
Tucano,RELATAR,ÁRABE,3.4677569128542167,76.57355689861181,,2.740947926952499
Sabia,CAPACITAR,PB NATIVO,1.8912500100786738,9.921362622112232,,1.0349833522162952
Sabia,CAPACITAR,ESPANHOL,1.6958672200755616,15.256755651248788,,1.1180475790672055
Sabia,CAPACITAR,FRANCÊS,1.6983170587465297,18.08544046868077,,1.1560220151644425
Sabia,CAPACITAR,GALEGO,1.773689314388304,33.1355753709695,,1.5249962292825148
Sabia,CAPACITAR,INGLÊS,1.2926904465003515,34.302876831848735,,1.1677645627458564
Sabia,CAPACITAR,MANDARIM,1.7644450267466736,26.911388746235012,,2.0194640151824634
Sabia,CAPACITAR,RUSSO,2.983806569166604,33.297522084890666,,2.0954639210735544
Sabia,CAPACITAR,ÁRABE,3.3843536163089905,63.02909014278022,,2.714041390417152
Sabia,COMPARTILHAR,PB NATIVO,2.2049623111363013,11.949655366057108,,1.2109706829738143
Sabia,COMPARTILHAR,ESPANHOL,2.115830367142822,15.393148944457621,,1.3031343842824956
Sabia,COMPARTILHAR,FRANCÊS,1.9884777534207725,25.43004029649524,,1.4821340246149148
Sabia,COMPARTILHAR,GALEGO,2.1909188203470396,33.376601081090634,,1.802930939927957
Sabia,COMPARTILHAR,INGLÊS,1.8194494587070367,36.17786471311663,,1.4656845237077214
Sabia,COMPARTILHAR,MANDARIM,3.342475772680439,19.26767406416413,,2.1932881066785406
Sabia,COMPARTILHAR,RUSSO,3.064536482056321,48.019253461476374,,2.403809443203246
Sabia,COMPARTILHAR,ÁRABE,3.0996522343559114,57.682914469162576,,2.6698634730945874
Sabia,EXPLICAR,PB NATIVO,1.9199983324687153,8.707341104421864,,0.9214070419526703
Sabia,EXPLICAR,ESPANHOL,1.8350639122217498,12.668027829164213,,1.038057435986766
Sabia,EXPLICAR,FRANCÊS,1.916670672725417,14.06252356677661,,1.1005017971642692
Sabia,EXPLICAR,GALEGO,1.956127950795755,28.161509553630548,,1.4719941942329913
Sabia,EXPLICAR,INGLÊS,1.6881829127290657,23.291483734965244,,1.1844740987010491
Sabia,EXPLICAR,MANDARIM,3.411501193275201,14.965479651362202,,1.9209320381261683
Sabia,EXPLICAR,RUSSO,2.8145630486194895,31.786592342595117,,2.016292957210592
Sabia,EXPLICAR,ÁRABE,3.0935908748912744,44.15385688338988,,2.4427155475575466
Sabia,EXPLORAR,PB NATIVO,2.074781828301162,18.86326680557671,,1.2811767148324786
Sabia,EXPLORAR,ESPANHOL,1.9905603242179837,33.70588504018345,,1.453897970695704
Sabia,EXPLORAR,FRANCÊS,1.9807843046580114,52.20785327744654,,1.4896174458542928
Sabia,EXPLORAR,GALEGO,2.13102187148691,49.03624370623373,,1.8362112597656288
Sabia,EXPLORAR,INGLÊS,1.5880255100688248,40.880259128587966,,1.4606303918648766
Sabia,EXPLORAR,MANDARIM,1.9602206613177184,73.0208341280855,,2.3473484155079016
Sabia,EXPLORAR,RUSSO,3.225275930455435,83.3689680475327,,2.266385876239121
Sabia,EXPLORAR,ÁRABE,3.5667384146681056,130.63516990136313,,2.9641509141962
Sabia,FAZER,PB NATIVO,2.1671449062250394,27.42620686448965,,1.257225727389502
Sabia,FAZER,ESPANHOL,1.9397764993356896,14.176379848059378,,1.1064108034925448
Sabia,FAZER,FRANCÊS,1.9739036950407007,17.593133347419407,,1.143627047742259
Sabia,FAZER,GALEGO,2.0796780233646173,32.98905147220224,,1.4635927406730271
Sabia,FAZER,INGLÊS,1.8159448786775874,28.475097859738867,,1.1914875275099284
Sabia,FAZER,MANDARIM,3.5401941457224884,16.479482487180036,,2.0100221902353326
Sabia,FAZER,RUSSO,3.087472473748443,32.64330296787298,,2.021066381998678
Sabia,FAZER,ÁRABE,3.6204763164306004,38.09149863151047,,2.3996739738076793
Sabia,RECOMENDAR,PB NATIVO,1.8414661350431374,8.035593295847956,,0.9186963577766389
Sabia,RECOMENDAR,ESPANHOL,1.7293069880868677,12.949877765661157,,1.0437823258741112
Sabia,RECOMENDAR,FRANCÊS,1.7283077321512754,20.3301062449914,,1.1579944016014865
Sabia,RECOMENDAR,GALEGO,1.86179081503558,27.709302262056397,,1.4825095645859934
Sabia,RECOMENDAR,INGLÊS,1.3429822351527412,31.109443797197553,,1.1365394655713557
Sabia,RECOMENDAR,MANDARIM,1.947706693689685,32.79787554139112,,2.1182671950971206
Sabia,RECOMENDAR,RUSSO,2.9319237003371446,25.00907731152461,,1.8922311676837724
Sabia,RECOMENDAR,ÁRABE,3.425886930146095,97.4519020930248,,3.0200628273594594
Sabia,RECRIAR,PB NATIVO,2.0673573515797368,8.640275739851806,,1.1329458787748767
Sabia,RECRIAR,ESPANHOL,1.9564127114288543,13.537090134118088,,1.2961752505397173
Sabia,RECRIAR,FRANCÊS,1.89418488236478,11.486609064000765,,1.1801943576700624
Sabia,RECRIAR,GALEGO,2.098300400226615,29.689350177960016,,1.8030624416979104
Sabia,RECRIAR,INGLÊS,1.605733832746926,16.771557921249546,,1.2032830743834126
Sabia,RECRIAR,MANDARIM,1.9939297471215405,29.324716883556672,,2.173760725245002
Sabia,RECRIAR,RUSSO,2.8857477844831254,29.893372252038375,,2.182449888876386
Sabia,RECRIAR,ÁRABE,2.7187745846653297,54.777992193709395,,2.6165563560610385
Sabia,RELATAR,PB NATIVO,1.830665633756136,9.659128550949836,,0.9801335636629109
Sabia,RELATAR,ESPANHOL,1.7165990856077848,14.325653752233654,,1.0736479011503834
Sabia,RELATAR,FRANCÊS,1.7539739407636006,19.98415762037139,,1.1931567463543413
Sabia,RELATAR,GALEGO,1.8608753939673304,32.32571324655394,,1.5547350329260388
Sabia,RELATAR,INGLÊS,1.3447433304577563,23.52813460897896,,1.0398835443401226
Sabia,RELATAR,MANDARIM,2.1528913058826786,30.45439097480944,,2.157500078664145
Sabia,RELATAR,RUSSO,2.938852236024841,27.708080879213057,,2.0231537558704993
Sabia,RELATAR,ÁRABE,3.4972481303659766,61.986427642874105,,2.6350960061552327
Qwen,CAPACITAR,PB NATIVO,1.6697837141074068,7584.158514247744,,3.5615003337802627
Qwen,CAPACITAR,ESPANHOL,1.4879939401362436,31413.517767231286,,3.730968755009866
Qwen,CAPACITAR,FRANCÊS,1.5448752888227089,5151.1103939140385,,3.0803281593343788
Qwen,CAPACITAR,GALEGO,1.5998951509427883,17675.771723715105,,3.8690602825217177
Qwen,CAPACITAR,INGLÊS,1.1774720786835013,3991.4318680754327,,2.560999485726959
Qwen,CAPACITAR,MANDARIM,1.5789302350992136,1212.270861097907,,3.8307460558613724
Qwen,CAPACITAR,RUSSO,2.835868494769072,11644.229736401174,,5.306546484483761
Qwen,CAPACITAR,ÁRABE,3.096834326470072,5124.975640025175,,5.178324524860752
Qwen,COMPARTILHAR,PB NATIVO,1.8672488429526768,2661.7907112815924,,3.511569239419313
Qwen,COMPARTILHAR,ESPANHOL,1.8086050647373593,7757.825335199828,,3.870803825849684
Qwen,COMPARTILHAR,FRANCÊS,1.7909237461456777,2577.584039659783,,3.3202825613557567
Qwen,COMPARTILHAR,GALEGO,1.909324470551505,5944.948092096746,,3.9677716472318934
Qwen,COMPARTILHAR,INGLÊS,1.49850228846918,7892.4484622875025,,3.150317595016024
Qwen,COMPARTILHAR,MANDARIM,3.05260900962979,4187.250783650381,,5.618442777285228
Qwen,COMPARTILHAR,RUSSO,2.801425141245662,6312.234949685003,,5.180321509348301
Qwen,COMPARTILHAR,ÁRABE,2.775355468184774,7369.559267939457,,5.200454294197953
Qwen,EXPLICAR,PB NATIVO,1.6634811154983793,4366.367871644571,,3.103551958041028
Qwen,EXPLICAR,ESPANHOL,1.614231536738543,14180.833884735132,,3.4871016938693797
Qwen,EXPLICAR,FRANCÊS,1.7267781061459355,2190.293208902907,,2.8989061277144565
Qwen,EXPLICAR,GALEGO,1.7553794442757986,10578.1355232893,,3.6815347353496506
Qwen,EXPLICAR,INGLÊS,1.3991440808108266,4548.32827976564,,2.6347870148168937
Qwen,EXPLICAR,MANDARIM,3.129768102585532,3459.149031009486,,5.298350880857589
Qwen,EXPLICAR,RUSSO,2.633882959336163,8428.06791462494,,4.854658657092555
Qwen,EXPLICAR,ÁRABE,2.7551342588083925,8615.247899360253,,5.2042627795390874
Qwen,EXPLORAR,PB NATIVO,1.8328842219268842,5716.729966320583,,3.5885155857707427
Qwen,EXPLORAR,ESPANHOL,1.7632894344901893,18046.2429551766,,3.9138167087839904
Qwen,EXPLORAR,FRANCÊS,1.8527303928528405,3480.3168896875354,,3.2544650078416706
Qwen,EXPLORAR,GALEGO,1.9198526347920204,9471.043038907537,,4.0334755308175
Qwen,EXPLORAR,INGLÊS,1.4225884526936854,8566.733821974156,,2.9786462053074456
Qwen,EXPLORAR,MANDARIM,1.7936870059905232,5485.596898940494,,4.175470552873004
Qwen,EXPLORAR,RUSSO,3.0652984461807886,9634.640860548481,,5.173169674969617
Qwen,EXPLORAR,ÁRABE,3.3105885446282994,10592.766507202483,,5.534261246550627
Qwen,FAZER,PB NATIVO,1.887709958222999,5252.062165332134,,3.667970596650033
Qwen,FAZER,ESPANHOL,1.7108772504934862,13376.699468130173,,3.706977330570206
Qwen,FAZER,FRANCÊS,1.7830730062758584,2543.1853389619682,,3.0790562283822194
Qwen,FAZER,GALEGO,1.8474677623946831,13164.902667947323,,3.881651356410985
Qwen,FAZER,INGLÊS,1.5309856810543294,5180.48361829777,,2.8242093653101503
Qwen,FAZER,MANDARIM,3.2098234143537767,3652.1884799927625,,5.408915809658741
Qwen,FAZER,RUSSO,2.8748240583939846,9036.717082226698,,5.113998439228688
Qwen,FAZER,ÁRABE,3.2222396087240357,5090.408105847604,,5.18055191778742
Qwen,RECOMENDAR,PB NATIVO,1.5857620337528235,3466.2160814480635,,3.091205890031954
Qwen,RECOMENDAR,ESPANHOL,1.5335603219887202,17336.76790612727,,3.511718566732281
Qwen,RECOMENDAR,FRANCÊS,1.6164948821319087,2722.4340717748287,,2.8939497746214666
Qwen,RECOMENDAR,GALEGO,1.681297607147288,8782.133916213743,,3.6802786477336684
Qwen,RECOMENDAR,INGLÊS,1.2094017174692617,3586.0925644727863,,2.478809245398877
Qwen,RECOMENDAR,MANDARIM,1.745649046285597,1442.941157476579,,3.8988135374041963
Qwen,RECOMENDAR,RUSSO,2.787358534359603,9613.356623552685,,5.0116067736102226
Qwen,RECOMENDAR,ÁRABE,3.177440331509181,6056.117647151915,,5.385316023645979
Qwen,RECRIAR,PB NATIVO,1.7077935878538462,4158.83738852387,,3.4740080272075615
Qwen,RECRIAR,ESPANHOL,1.667141285267089,7656.383486816114,,3.6959183877413486
Qwen,RECRIAR,FRANCÊS,1.6213896078813814,1647.393882965654,,3.0144812780816976
Qwen,RECRIAR,GALEGO,1.8163724920641815,7869.449426417365,,3.9922346088236424
Qwen,RECRIAR,INGLÊS,1.3620875934741838,2550.8888722066213,,2.7601430511089085
Qwen,RECRIAR,MANDARIM,1.7156705615802743,2933.4802615744115,,4.33220125911643
Qwen,RECRIAR,RUSSO,2.6186795935414318,6101.861447407319,,4.989367451571217
Qwen,RECRIAR,ÁRABE,2.4144985559857672,8490.728809983195,,5.132339810299199
Qwen,RELATAR,PB NATIVO,1.5898924051770682,6143.4891014097375,,3.3119971015702925
Qwen,RELATAR,ESPANHOL,1.491583341774306,29123.574526007968,,3.612421260758597
Qwen,RELATAR,FRANCÊS,1.568201153784331,3721.252147125868,,2.9626439219961176
Qwen,RELATAR,GALEGO,1.6544364610446594,11573.761413784816,,3.768549220923826
Qwen,RELATAR,INGLÊS,1.2051346703560788,1697.0829129334404,,2.2611662188120634
Qwen,RELATAR,MANDARIM,1.9619571025821148,1515.8886997638624,,4.20220797119325
Qwen,RELATAR,RUSSO,2.7469104096698285,8245.218365955661,,5.081078056188168
Qwen,RELATAR,ÁRABE,3.182585178648782,5885.903853247074,,5.059351597123427
Gemma,CAPACITAR,PB NATIVO,1.3846834612961842,61.20084359947241,,1.3543670044382372
Gemma,CAPACITAR,ESPANHOL,1.2441683943731334,70.41044302558501,,1.2717275441460185
Gemma,CAPACITAR,FRANCÊS,1.3533259464794447,52.127689699307105,,1.2465449795175132
Gemma,CAPACITAR,GALEGO,1.3610234104229764,152.70282768344856,,1.6682989437346607
Gemma,CAPACITAR,INGLÊS,1.1597691803058472,75.73532472607678,,1.3064163308813508
Gemma,CAPACITAR,MANDARIM,1.3513360653440747,80.8472848924253,,2.0501524158952193
Gemma,CAPACITAR,RUSSO,2.499007772568169,67.39679022248666,,2.110150581353532
Gemma,CAPACITAR,ÁRABE,2.9424300971792485,115.09049360354815,,2.7093178972183694
Gemma,COMPARTILHAR,PB NATIVO,1.5735880992518527,68.05309759956117,,1.519580861732102
Gemma,COMPARTILHAR,ESPANHOL,1.4921017030526424,71.48501779314479,,1.494312161815763
Gemma,COMPARTILHAR,FRANCÊS,1.5318234621285678,109.16302249185075,,1.623353531127206
Gemma,COMPARTILHAR,GALEGO,1.6304584342727972,144.9446040024616,,1.9521950376096922
Gemma,COMPARTILHAR,INGLÊS,1.4888644760288852,99.18725782992381,,1.6356827947108539
Gemma,COMPARTILHAR,MANDARIM,2.859823413576416,36.15794684157906,,2.266727032648691
Gemma,COMPARTILHAR,RUSSO,2.5119663579891016,114.06275073351145,,2.4849983272309557
Gemma,COMPARTILHAR,ÁRABE,2.5699352749141027,153.15267027319763,,2.7563087928579386
Gemma,EXPLICAR,PB NATIVO,1.4217546655193067,44.6062264823085,,1.1539621577323749
Gemma,EXPLICAR,ESPANHOL,1.355416112950108,52.24686241061279,,1.1653000808180238
Gemma,EXPLICAR,FRANCÊS,1.5099733833612499,34.96222058300177,,1.1815430357162782
Gemma,EXPLICAR,GALEGO,1.5065520699967287,102.04610022996329,,1.5093489562049696
Gemma,EXPLICAR,INGLÊS,1.454345528926964,54.47639425302683,,1.3097566787696544
Gemma,EXPLICAR,MANDARIM,2.946904401479503,22.492862029830512,,1.9110366023109506
Gemma,EXPLICAR,RUSSO,2.380567595267368,66.35875763205397,,2.0466518192289653
Gemma,EXPLICAR,ÁRABE,2.5608879161365756,122.67848008748308,,2.5643693193853565
Gemma,EXPLORAR,PB NATIVO,1.5719613800469914,1235.2155454832664,,1.7467427451423263
Gemma,EXPLORAR,ESPANHOL,1.4643040607773727,2291.361090092078,,1.7574140976922787
Gemma,EXPLORAR,FRANCÊS,1.5806586153452609,934.1067734341956,,1.699257903640417
Gemma,EXPLORAR,GALEGO,1.6102453569126016,2314.0615571587646,,1.9646922981634025
Gemma,EXPLORAR,INGLÊS,1.3529610762376294,280.85806610368985,,1.7334896114831473
Gemma,EXPLORAR,MANDARIM,1.578013135372647,444.83859038576065,,2.344650658346168
Gemma,EXPLORAR,RUSSO,2.7321751946583905,363.843527789337,,2.335428889539906
Gemma,EXPLORAR,ÁRABE,3.064441860615016,2023.214086092254,,3.203945938952653
Gemma,FAZER,PB NATIVO,1.6099242098759121,252.9471353472111,,1.5657862942874643
Gemma,FAZER,ESPANHOL,1.4338963644190923,80.12478280019705,,1.2951842229846597
Gemma,FAZER,FRANCÊS,1.5476971435442348,55.97514621116181,,1.276783176762776
Gemma,FAZER,GALEGO,1.5784175433422016,106.23755933718064,,1.5254163313311397
Gemma,FAZER,INGLÊS,1.5632150141159726,67.73443951571613,,1.3268408322797554
Gemma,FAZER,MANDARIM,3.000741144920043,27.824869217508212,,2.0487947170247787
Gemma,FAZER,RUSSO,2.6004308300651893,74.3517623362194,,2.101140046402895
Gemma,FAZER,ÁRABE,3.0642355452839674,80.15200227276725,,2.49055820873728
Gemma,RECOMENDAR,PB NATIVO,1.3457739614935813,34.0568096391723,,1.1153997242419824
Gemma,RECOMENDAR,ESPANHOL,1.2747987921626267,60.30950170503268,,1.2151041966507787
Gemma,RECOMENDAR,FRANCÊS,1.4110212898245598,57.35023246361215,,1.2812318151532942
Gemma,RECOMENDAR,GALEGO,1.423595433297018,68.05857160938011,,1.4374831403654733
Gemma,RECOMENDAR,INGLÊS,1.1675040786403301,72.76180633246946,,1.256587146018438
Gemma,RECOMENDAR,MANDARIM,1.5292982420405064,64.79463087493805,,1.9392920096213355
Gemma,RECOMENDAR,RUSSO,2.459350633668991,47.44108659718072,,1.8981232295419466
Gemma,RECOMENDAR,ÁRABE,2.922561434933799,184.81202305010441,,2.9512912880311286
Gemma,RECRIAR,PB NATIVO,1.5378276124790657,33.27585227497591,,1.3415720521052366
Gemma,RECRIAR,ESPANHOL,1.4520875778644848,60.63579511851526,,1.4878255974418424
Gemma,RECRIAR,FRANCÊS,1.522510974542402,27.3703386378924,,1.274160614319081
Gemma,RECRIAR,GALEGO,1.6321576178432877,92.43973996125591,,1.8439416713424237
Gemma,RECRIAR,INGLÊS,1.3908642024182114,34.226097746808634,,1.3021725291212263
Gemma,RECRIAR,MANDARIM,1.5844119043955402,78.61269698697069,,2.212796542670174
Gemma,RECRIAR,RUSSO,2.3798493747610037,74.73848513114751,,2.286175004658845
Gemma,RECRIAR,ÁRABE,2.2954999139389765,144.38108966972368,,2.7321335441026564
Gemma,RELATAR,PB NATIVO,1.3175580308714712,46.60309816709907,,1.1685052840875252
Gemma,RELATAR,ESPANHOL,1.2456968750080797,75.03182852161527,,1.2384465341811832
Gemma,RELATAR,FRANCÊS,1.3711557094741904,38.23596883877329,,1.141473948402424
Gemma,RELATAR,GALEGO,1.4030884764315723,87.79168599434648,,1.4976329388984289
Gemma,RELATAR,INGLÊS,1.1805046336718656,44.68168433941556,,1.1154495852829982
Gemma,RELATAR,MANDARIM,1.6906332772196269,90.68869885439045,,2.2401189823454803
Gemma,RELATAR,RUSSO,2.4713139933443795,56.87349285842351,,2.060564767418405
Gemma,RELATAR,ÁRABE,3.0193676565722725,75.76525141701032,,2.372172501197124
BODE,CAPACITAR,PB NATIVO,1.8912500100786738,20.012705998007302,,1.3617610366242001
BODE,CAPACITAR,ESPANHOL,1.6958672200755616,20.736045415903668,,1.246039751182991
BODE,CAPACITAR,FRANCÊS,1.6983170587465297,23.397779354798722,,1.2562994112557353
BODE,CAPACITAR,GALEGO,1.773689314388304,56.821763620557554,,1.764177126456007
BODE,CAPACITAR,INGLÊS,1.2926904465003515,40.02851442564302,,1.230144257233283
BODE,CAPACITAR,MANDARIM,1.7644450267466736,25.729836081101087,,1.9894407668700196
BODE,CAPACITAR,RUSSO,2.983806569166604,30.792886845519167,,2.042520852736524
BODE,CAPACITAR,ÁRABE,3.3843536163089905,55.819842040613345,,2.6448650959263174
BODE,COMPARTILHAR,PB NATIVO,2.2049623111363013,23.283403569334553,,1.5709422646478706
BODE,COMPARTILHAR,ESPANHOL,2.115830367142822,22.442069956677823,,1.4924139745138083
BODE,COMPARTILHAR,FRANCÊS,1.9884777534207725,33.13417442176811,,1.5588102786007039
BODE,COMPARTILHAR,GALEGO,2.1909188203470396,60.8757283689935,,2.086385119927206
BODE,COMPARTILHAR,INGLÊS,1.8194494587070367,44.45840864103175,,1.5536779146125783
BODE,COMPARTILHAR,MANDARIM,3.342475772680439,22.56870733364484,,2.309672395957626
BODE,COMPARTILHAR,RUSSO,3.064536482056321,40.451149043973025,,2.3322416596639273
BODE,COMPARTILHAR,ÁRABE,3.0996522343559114,52.79440494753346,,2.609989139540385
BODE,EXPLICAR,PB NATIVO,1.9199983324687153,15.270723912043286,,1.151365626789369
BODE,EXPLICAR,ESPANHOL,1.8350639122217498,16.023282554220323,,1.144559161021731
BODE,EXPLICAR,FRANCÊS,1.916670672725417,16.755740316384447,,1.180396953181116
BODE,EXPLICAR,GALEGO,1.956127950795755,44.167179755985366,,1.684012930859072
BODE,EXPLICAR,INGLÊS,1.6881829127290657,26.39043197738075,,1.2339422490011829
BODE,EXPLICAR,MANDARIM,3.411501193275201,17.587755033133924,,2.027439928145808
BODE,EXPLICAR,RUSSO,2.8145630486194895,29.62392189931047,,1.9747746206868055
BODE,EXPLICAR,ÁRABE,3.0935908748912744,43.07595484513898,,2.433620515030243
BODE,EXPLORAR,PB NATIVO,2.074781828301162,58.452727344252814,,1.6203452021849474
BODE,EXPLORAR,ESPANHOL,1.9905603242179837,59.59179224473721,,1.626185853228521
BODE,EXPLORAR,FRANCÊS,1.9807843046580114,96.00453694164405,,1.5909027839223786
BODE,EXPLORAR,GALEGO,2.13102187148691,88.77456088270019,,2.0807211820402056
BODE,EXPLORAR,INGLÊS,1.5880255100688248,59.0330110199726,,1.5722989002306182
BODE,EXPLORAR,MANDARIM,1.9602206613177184,133.376230270021,,2.2326215905042304
BODE,EXPLORAR,RUSSO,3.225275930455435,89.03902752407323,,2.2062793031852967
BODE,EXPLORAR,ÁRABE,3.5667384146681056,158.9009409845391,,2.9905442127549793
BODE,FAZER,PB NATIVO,2.1671449062250394,40.58112268403332,,1.4717748318019535
BODE,FAZER,ESPANHOL,1.9397764993356896,18.450336555764977,,1.2311504286626944
BODE,FAZER,FRANCÊS,1.9739036950407007,20.025054074809407,,1.2260019448228827
BODE,FAZER,GALEGO,2.0796780233646173,42.30840224281892,,1.6696708363235073
BODE,FAZER,INGLÊS,1.8159448786775874,31.062300838041097,,1.2357330963950202
BODE,FAZER,MANDARIM,3.5401941457224884,18.751651139818087,,2.11561880908105
BODE,FAZER,RUSSO,3.087472473748443,29.68070807320119,,1.9770425873964417
BODE,FAZER,ÁRABE,3.6204763164306004,36.662508126967374,,2.38422244572604
BODE,RECOMENDAR,PB NATIVO,1.8414661350431374,14.000367618077586,,1.1557474519568984
BODE,RECOMENDAR,ESPANHOL,1.7293069880868677,18.334257538789018,,1.1873168614067837
BODE,RECOMENDAR,FRANCÊS,1.7283077321512754,25.481645609176432,,1.2553043869277198
BODE,RECOMENDAR,GALEGO,1.86179081503558,43.118038031841905,,1.6749826301682458
BODE,RECOMENDAR,INGLÊS,1.3429822351527412,35.15104406965681,,1.1797460821293146
BODE,RECOMENDAR,MANDARIM,1.947706693689685,23.410923521043593,,1.8990477767766447
BODE,RECOMENDAR,RUSSO,2.9319237003371446,22.94982299565696,,1.8459608815038548
BODE,RECOMENDAR,ÁRABE,3.425886930146095,72.47195598694815,,2.845533769587601
BODE,RECRIAR,PB NATIVO,2.0673573515797368,14.627427604528709,,1.4115099506025548
BODE,RECRIAR,ESPANHOL,1.9564127114288543,18.196473304847807,,1.4442369955088563
BODE,RECRIAR,FRANCÊS,1.89418488236478,13.38369196822652,,1.2546930349951704
BODE,RECRIAR,GALEGO,2.098300400226615,44.53895337435463,,2.0144889694955284
BODE,RECRIAR,INGLÊS,1.605733832746926,19.079011804614343,,1.2664887040422652
BODE,RECRIAR,MANDARIM,1.9939297471215405,28.902530424993262,,2.1630109065674454
BODE,RECRIAR,RUSSO,2.8857477844831254,28.837239350782614,,2.1600830409545244
BODE,RECRIAR,ÁRABE,2.7187745846653297,54.21905295809578,,2.608945512888525
BODE,RELATAR,PB NATIVO,1.830665633756136,16.313084837590402,,1.2006850863392557
BODE,RELATAR,ESPANHOL,1.7165990856077848,20.384353801833836,,1.2141172517621497
BODE,RELATAR,FRANCÊS,1.7539739407636006,16.92483710296041,,1.1390633423528853
BODE,RELATAR,GALEGO,1.8608753939673304,52.633778938726124,,1.7844317158140623
BODE,RELATAR,INGLÊS,1.3447433304577563,22.60229089702768,,1.0459184404057893
BODE,RELATAR,MANDARIM,2.1528913058826786,30.510582052332243,,2.159769206644885
BODE,RELATAR,RUSSO,2.938852236024841,25.427142400207018,,1.971784407199569
BODE,RELATAR,ÁRABE,3.4972481303659766,35.348888330360886,,2.275007281677754
Cabrita,CAPACITAR,PB NATIVO,1.544928939967061,22.156786832847544,,1.1129070656348772
Cabrita,CAPACITAR,ESPANHOL,1.7337483506420024,19.794203327531246,,1.253630656240023
Cabrita,CAPACITAR,FRANCÊS,1.938182637778957,18.661036049631164,,1.3388130805622391
Cabrita,CAPACITAR,GALEGO,1.545877042839425,56.38383422769024,,1.5374562654888209
Cabrita,CAPACITAR,INGLÊS,1.2177357429535245,48.889688430195335,,1.2314821526712256
Cabrita,CAPACITAR,MANDARIM,1.7578441246765164,34.552660101676324,,2.1574124277510114
Cabrita,CAPACITAR,RUSSO,3.0454046888938953,70.58541974438297,,2.6012021232067006
Cabrita,CAPACITAR,ÁRABE,3.382068485887018,77.39413140098038,,2.854165133456985
Cabrita,COMPARTILHAR,PB NATIVO,1.8592730700223026,21.802064890662773,,1.2301316932951145
Cabrita,COMPARTILHAR,ESPANHOL,2.098105986129935,19.36433583288785,,1.3932901592979088
Cabrita,COMPARTILHAR,FRANCÊS,2.136124464405843,24.9693285519284,,1.611330782495819
Cabrita,COMPARTILHAR,GALEGO,1.9869237027414328,50.3637105096758,,1.7676509825022242
Cabrita,COMPARTILHAR,INGLÊS,1.6498777657061268,52.13973100939293,,1.4992494154495983
Cabrita,COMPARTILHAR,MANDARIM,3.991644577561285,16.871512603148577,,2.4943746878219684
Cabrita,COMPARTILHAR,RUSSO,3.009389301475806,79.48787190641488,,2.7385426518661795
Cabrita,COMPARTILHAR,ÁRABE,2.9997483018997015,77.34183488295126,,2.8086033886063917
Cabrita,EXPLICAR,PB NATIVO,1.5269033393987503,21.396824254792655,,1.0568490608826293
Cabrita,EXPLICAR,ESPANHOL,1.8120046456172898,16.76277547110613,,1.1902918260300313
Cabrita,EXPLICAR,FRANCÊS,2.0890587263095615,14.819372870530326,,1.244020137073208
Cabrita,EXPLICAR,GALEGO,1.7330862010759343,47.64787343463575,,1.5404815436889059
Cabrita,EXPLICAR,INGLÊS,1.5292256944036997,37.26697869914375,,1.2639047574559985
Cabrita,EXPLICAR,MANDARIM,4.076164839030616,13.333742633306832,,2.203440021152099
Cabrita,EXPLICAR,RUSSO,2.8007160203863437,61.63524113116963,,2.3982328589463675
Cabrita,EXPLICAR,ÁRABE,3.0476503687829544,62.07642588849386,,2.608772508916002
Cabrita,EXPLORAR,PB NATIVO,1.6662136119911675,95.22829025669324,,1.3601956939653
Cabrita,EXPLORAR,ESPANHOL,1.9536005863389534,43.35629337932846,,1.4983408820461213
Cabrita,EXPLORAR,FRANCÊS,2.133241613910404,31.93288328772825,,1.5295065356841109
Cabrita,EXPLORAR,GALEGO,1.884399842094176,68.77306070602067,,1.7664266347361621
Cabrita,EXPLORAR,INGLÊS,1.4040240065754759,92.12849336731277,,1.5007266556798937
Cabrita,EXPLORAR,MANDARIM,1.9993004151127545,70.48783109790138,,2.2505780213498947
Cabrita,EXPLORAR,RUSSO,3.173766415448086,158.7887439001973,,2.5920120927877077
Cabrita,EXPLORAR,ÁRABE,3.4253446373689904,372.4188493796857,,3.120435023838884
Cabrita,FAZER,PB NATIVO,1.7173390620221074,86.19463029980156,,1.3008112160860723
Cabrita,FAZER,ESPANHOL,1.9064032187879734,17.263149029628273,,1.2191627250184665
Cabrita,FAZER,FRANCÊS,2.15426639728945,14.915062996877243,,1.2642533341295088
Cabrita,FAZER,GALEGO,1.8537649521722386,39.84338614166932,,1.4771525407213957
Cabrita,FAZER,INGLÊS,1.669461276333211,39.729209443275785,,1.2486970771664168
Cabrita,FAZER,MANDARIM,4.2051890818940105,14.39870170488904,,2.2975514341451007
Cabrita,FAZER,RUSSO,3.10280898295438,53.003639521540876,,2.3838666419146404
Cabrita,FAZER,ÁRABE,3.5228299145917448,53.73422865906765,,2.5716494972450037
Cabrita,RECOMENDAR,PB NATIVO,1.5188888054494212,20.05966249844732,,1.0707736971934403
Cabrita,RECOMENDAR,ESPANHOL,1.8178727382844775,15.863571251670132,,1.1945649327924641
Cabrita,RECOMENDAR,FRANCÊS,1.997132150035996,18.25138659234681,,1.3232967953950177
Cabrita,RECOMENDAR,GALEGO,1.6822343372737756,41.447230235799765,,1.5185836804633945
Cabrita,RECOMENDAR,INGLÊS,1.2504814836199123,45.97951484987288,,1.1914147547818876
Cabrita,RECOMENDAR,MANDARIM,2.046137591219642,27.647168584416015,,2.0729586351957665
Cabrita,RECOMENDAR,RUSSO,2.992284656577087,47.5197041114583,,2.3246805225811458
Cabrita,RECOMENDAR,ÁRABE,3.4030138564818397,101.4838220886487,,3.058870591116264
Cabrita,RECRIAR,PB NATIVO,1.7759179084469612,14.688880166120224,,1.2086418978239089
Cabrita,RECRIAR,ESPANHOL,2.028089328977029,17.907799723996327,,1.4877746439622905
Cabrita,RECRIAR,FRANCÊS,2.109704967436648,13.298959986792914,,1.3983297786047761
Cabrita,RECRIAR,GALEGO,1.9604487022941062,41.3797499535459,,1.8446947529659579
Cabrita,RECRIAR,INGLÊS,1.5335322290336582,23.58443549688074,,1.2970752902580596
Cabrita,RECRIAR,MANDARIM,1.9656951295678822,40.105245641972715,,2.3399259431325308
Cabrita,RECRIAR,RUSSO,2.900165296122535,61.023077047958054,,2.634140952596915
Cabrita,RECRIAR,ÁRABE,2.6993415204010023,73.88226176284603,,2.771854913243502
Cabrita,RELATAR,PB NATIVO,1.5136849004493398,22.34178084392671,,1.111965560074786
Cabrita,RELATAR,ESPANHOL,1.8081614293653592,17.95423471880242,,1.2528219634316506
Cabrita,RELATAR,FRANCÊS,1.9871902428574963,20.7558528899301,,1.38709512378322
Cabrita,RELATAR,GALEGO,1.6952186292710734,50.138332438781674,,1.6047013340817065
Cabrita,RELATAR,INGLÊS,1.253797333228639,34.02517953373921,,1.1010405106520016
Cabrita,RELATAR,MANDARIM,2.1207157888788943,43.57128342758687,,2.3336814305406635
Cabrita,RELATAR,RUSSO,3.000495331191479,58.84603913909367,,2.524783953528717
Cabrita,RELATAR,ÁRABE,3.64571467523591,83.10834031182566,,2.9191357749480464
Gervasio,CAPACITAR,PB NATIVO,1.6699723128434094,17.572916552602514,,1.144018273085741
Gervasio,CAPACITAR,ESPANHOL,1.4984214608994928,22.008094473955722,,1.1130595915421153
Gervasio,CAPACITAR,FRANCÊS,1.5663514472192208,20.497980578678472,,1.1057222133330178
Gervasio,CAPACITAR,GALEGO,1.5998020201114873,33.94609098734343,,1.3914563128080237
Gervasio,CAPACITAR,INGLÊS,1.1774720786835013,43.661852795639625,,1.1514647511045593
Gervasio,CAPACITAR,MANDARIM,1.5521210007386643,24.11919984344802,,1.715267045965067
Gervasio,CAPACITAR,RUSSO,2.737466668165646,19.632890362008823,,1.6377554709324134
Gervasio,CAPACITAR,ÁRABE,3.0716399735216675,55.30251791940444,,2.387023793890847
Gervasio,COMPARTILHAR,PB NATIVO,1.8694234575075288,22.875731153845752,,1.3451984213194048
Gervasio,COMPARTILHAR,ESPANHOL,1.7970184521542143,25.021422166109733,,1.3315366125130812
Gervasio,COMPARTILHAR,FRANCÊS,1.791627800070193,31.13336923055748,,1.4126479610085367
Gervasio,COMPARTILHAR,GALEGO,1.8959377036385778,34.31422755304516,,1.6017465479560442
Gervasio,COMPARTILHAR,INGLÊS,1.4812245394254855,64.01843894069783,,1.4505588910037712
Gervasio,COMPARTILHAR,MANDARIM,3.14154513191331,18.019125855389905,,2.0097927736135555
Gervasio,COMPARTILHAR,RUSSO,2.7326446774274404,32.807169726559316,,1.9929682995095332
Gervasio,COMPARTILHAR,ÁRABE,2.7599569477699304,54.03640592023236,,2.3573405699425485
Gervasio,EXPLICAR,PB NATIVO,1.680555872033175,14.637303987664705,,0.97924538964935
Gervasio,EXPLICAR,ESPANHOL,1.62242909268396,16.762969657145184,,1.0094027248636945
Gervasio,EXPLICAR,FRANCÊS,1.7329751487139564,15.65717863639206,,1.0341979024513737
Gervasio,EXPLICAR,GALEGO,1.7611811734821057,21.96915099784466,,1.2051593739893967
Gervasio,EXPLICAR,INGLÊS,1.3917606234368904,40.56993680001658,,1.1515024881324207
Gervasio,EXPLICAR,MANDARIM,3.167858191863497,13.505809531140653,,1.716637598798171
Gervasio,EXPLICAR,RUSSO,2.5452460357498787,22.62546685935485,,1.6400129908281336
Gervasio,EXPLICAR,ÁRABE,2.730225089214934,42.32993465036766,,2.133652696699071
Gervasio,EXPLORAR,PB NATIVO,1.8434484129832802,50.89793334118771,,1.4489380169289083
Gervasio,EXPLORAR,ESPANHOL,1.7668399201711191,49.40132441214917,,1.4757443414438545
Gervasio,EXPLORAR,FRANCÊS,1.8582294654674685,49.85958288081841,,1.4957017885875612
Gervasio,EXPLORAR,GALEGO,1.926248503243322,53.854589873165445,,1.6419818584200423
Gervasio,EXPLORAR,INGLÊS,1.4197633113588812,69.89471388754193,,1.4683906245535132
Gervasio,EXPLORAR,MANDARIM,1.7696780424163476,68.47918720389062,,1.9552572575047555
Gervasio,EXPLORAR,RUSSO,2.9971531847488175,56.660706916415904,,1.8706235791754786
Gervasio,EXPLORAR,ÁRABE,3.242170855385764,174.60258975946684,,2.7829163424264403
Gervasio,FAZER,PB NATIVO,1.8729498945342986,42.11831178601813,,1.367690225790675
Gervasio,FAZER,ESPANHOL,1.6993865509848012,21.51157357243161,,1.0997216802372427
Gervasio,FAZER,FRANCÊS,1.7762831985906495,22.233400329018146,,1.122300218444537
Gervasio,FAZER,GALEGO,1.832374275952372,26.73285796494331,,1.2540338813913434
Gervasio,FAZER,INGLÊS,1.5121698234866556,49.821632188518024,,1.1743602396584603
Gervasio,FAZER,MANDARIM,3.2452681632040252,14.211711644434677,,1.7652065398767707
Gervasio,FAZER,RUSSO,2.7817347265667256,25.117165670338157,,1.6843775038777935
Gervasio,FAZER,ÁRABE,3.1870289819657853,36.041220820448046,,2.1058150912590414
Gervasio,RECOMENDAR,PB NATIVO,1.5987535086049538,13.779030953655958,,0.9927833234472576
Gervasio,RECOMENDAR,ESPANHOL,1.5349939773008991,19.98631459356696,,1.0653086706158164
Gervasio,RECOMENDAR,FRANCÊS,1.6226696865028871,23.872850760213417,,1.1328527904853145
Gervasio,RECOMENDAR,GALEGO,1.683261952923878,20.52881791990352,,1.2059552665920725
Gervasio,RECOMENDAR,INGLÊS,1.202553012812472,40.18446673148054,,1.1000843852707551
Gervasio,RECOMENDAR,MANDARIM,1.7137059121769753,21.061220170929417,,1.6124779450305533
Gervasio,RECOMENDAR,RUSSO,2.698560067572209,15.504153795285642,,1.4811589031553158
Gervasio,RECOMENDAR,ÁRABE,3.140902536377995,71.34306459645033,,2.5970864959925075
Gervasio,RECRIAR,PB NATIVO,1.720707196534942,16.955901726592934,,1.2341906122757074
Gervasio,RECRIAR,ESPANHOL,1.6705099845316294,23.037786028385206,,1.330509123555486
Gervasio,RECRIAR,FRANCÊS,1.6319445885274244,16.00910437394742,,1.1540522709977998
Gervasio,RECRIAR,GALEGO,1.819394894107281,28.989902179890503,,1.5522826724975523
Gervasio,RECRIAR,INGLÊS,1.361449555415773,27.599055128548535,,1.2080043790686574
Gervasio,RECRIAR,MANDARIM,1.6946341482137786,32.18987219944605,,1.8925557651109077
Gervasio,RECRIAR,RUSSO,2.5504254608751644,24.30906258168488,,1.8126895829095087
Gervasio,RECRIAR,ÁRABE,2.4080598580642265,62.88136970175172,,2.3891086242535877
Gervasio,RELATAR,PB NATIVO,1.5983779147359298,16.651975714894846,,1.04328880190291
Gervasio,RELATAR,ESPANHOL,1.4991509847370383,21.317359768028,,1.0704519895199773
Gervasio,RELATAR,FRANCÊS,1.5767192566932036,17.917887129406854,,1.031351420872537
Gervasio,RELATAR,GALEGO,1.660852028410773,26.23828526651965,,1.2897020141436193
Gervasio,RELATAR,INGLÊS,1.199962939742125,27.506463111412472,,0.9932686136106482
Gervasio,RELATAR,MANDARIM,1.9304318218246237,27.287933711807423,,1.8850611747554755
Gervasio,RELATAR,RUSSO,2.665216529264426,18.20956341526586,,1.5939758452298145
Gervasio,RELATAR,ÁRABE,3.288350417779628,25.71390699196251,,1.94551227276401
Serafim335m,CAPACITAR,PB NATIVO,1.412754618536639,,50529.505173045276,3.6900658428884996
Serafim335m,CAPACITAR,ESPANHOL,1.7391475054049625,,69880.94837559063,4.709889752636696
Serafim335m,CAPACITAR,FRANCÊS,2.124627091217319,,67632.7474575116,5.60843100303657
Serafim335m,CAPACITAR,GALEGO,1.5210159827936414,,56905.81866908645,4.120738151193816
Serafim335m,CAPACITAR,INGLÊS,1.8858421187354713,,61462.71249052986,5.4722307937333055
Serafim335m,CAPACITAR,MANDARIM,1.8351629724558098,,54985.090933796586,7.005987518260501
Serafim335m,CAPACITAR,RUSSO,3.251992077179478,,63260.07467021118,7.23932647400344
Serafim335m,CAPACITAR,ÁRABE,3.5691608711971403,,68284.92120497616,7.941285436615124
Serafim335m,COMPARTILHAR,PB NATIVO,1.9280384345272548,,76343.64401050379,5.199975891828867
Serafim335m,COMPARTILHAR,ESPANHOL,2.223297553631003,,95962.08303727156,6.1583975300018965
Serafim335m,COMPARTILHAR,FRANCÊS,2.4458792299161822,,73454.38412491596,6.51119448347773
Serafim335m,COMPARTILHAR,GALEGO,2.11133476450388,,83378.80160787719,5.796244264086696
Serafim335m,COMPARTILHAR,INGLÊS,2.5603171771480704,,72587.32275984947,6.902093772829261
Serafim335m,COMPARTILHAR,MANDARIM,3.2711209834485673,,39464.36786859265,7.7378275107034
Serafim335m,COMPARTILHAR,RUSSO,3.3878812846932322,,49346.45138348065,7.71596822419707
Serafim335m,COMPARTILHAR,ÁRABE,3.315382424328074,,60635.80409709445,7.88131362184325
Serafim335m,EXPLICAR,PB NATIVO,1.3965356477448483,,54123.86044511567,3.597814945043879
Serafim335m,EXPLICAR,ESPANHOL,1.8053687018308646,,76300.61628082325,4.8199259061203055
Serafim335m,EXPLICAR,FRANCÊS,2.2608399275792808,,77391.30866912458,5.744630363271598
Serafim335m,EXPLICAR,GALEGO,1.6996382989685745,,54065.156775874995,4.40289537250433
Serafim335m,EXPLICAR,INGLÊS,2.210186893011497,,71638.74069390298,5.736285036274951
Serafim335m,EXPLICAR,MANDARIM,3.447271573911096,,41421.73790556702,7.699156743318409
Serafim335m,EXPLICAR,RUSSO,2.947331819426233,,53110.922618368895,6.757936226212747
Serafim335m,EXPLICAR,ÁRABE,3.170449183032331,,59254.94466173102,7.397424288457181
Serafim335m,EXPLORAR,PB NATIVO,1.497555782179925,,72107.3035414219,3.8913393098225884
Serafim335m,EXPLORAR,ESPANHOL,1.9121086050046632,,85885.25683596083,5.11223195994149
Serafim335m,EXPLORAR,FRANCÊS,2.2933653466930126,,81776.94054891662,5.814147256189872
Serafim335m,EXPLORAR,GALEGO,1.8181809145171102,,72254.61008624597,4.755478173420559
Serafim335m,EXPLORAR,INGLÊS,1.9921499645978107,,76672.95312302235,5.728775672399366
Serafim335m,EXPLORAR,MANDARIM,1.9479020599452106,,45361.70588619836,6.710694989786156
Serafim335m,EXPLORAR,RUSSO,3.388900144448026,,61902.94449623189,7.34875076101947
Serafim335m,EXPLORAR,ÁRABE,3.5857296371925402,,52504.54257337186,7.663834526076633
Serafim335m,FAZER,PB NATIVO,1.5406645157286873,,60273.081487038304,4.025199699993167
Serafim335m,FAZER,ESPANHOL,1.8724619197064154,,73308.21383450335,4.971010003033633
Serafim335m,FAZER,FRANCÊS,2.3057298810601474,,74018.44273493378,5.857458910719929
Serafim335m,FAZER,GALEGO,1.7998039697443542,,60700.3707038481,4.668568892993102
Serafim335m,FAZER,INGLÊS,2.304471112660148,,64453.22492604004,5.761647360818898
Serafim335m,FAZER,MANDARIM,3.5139474608097676,,39968.94939403931,7.774802213533906
Serafim335m,FAZER,RUSSO,3.208827856912759,,54305.02708690991,6.948151948705741
Serafim335m,FAZER,ÁRABE,3.6337778385904196,,63023.73270555811,7.634099808602439
Serafim335m,RECOMENDAR,PB NATIVO,1.3532992712283307,,70737.29296166044,3.6932561445780783
Serafim335m,RECOMENDAR,ESPANHOL,1.7943996290262514,,92650.98680825447,4.98120203577997
Serafim335m,RECOMENDAR,FRANCÊS,2.2163088013770675,,76010.06717703168,5.770712435055332
Serafim335m,RECOMENDAR,GALEGO,1.6571201203019745,,73427.38566539298,4.557912155962938
Serafim335m,RECOMENDAR,INGLÊS,1.9650282329891644,,66625.39776803355,5.602215191968098
Serafim335m,RECOMENDAR,MANDARIM,2.027975967477361,,45007.905881920036,6.8192394739396995
Serafim335m,RECOMENDAR,RUSSO,3.193380240371252,,63745.22488398352,7.160561037398019
Serafim335m,RECOMENDAR,ÁRABE,3.5550495076603834,,58351.43855339209,7.635457506944708
Serafim335m,RECRIAR,PB NATIVO,1.5334293384763569,,57910.32583538196,4.275357617699923
Serafim335m,RECRIAR,ESPANHOL,1.9735637458676465,,72239.25658993897,5.609362256751313
Serafim335m,RECRIAR,FRANCÊS,2.1432932210540496,,60902.43442920991,6.046677408555852
Serafim335m,RECRIAR,GALEGO,1.8764315614640719,,62609.12509829747,5.260137461500532
Serafim335m,RECRIAR,INGLÊS,2.114596690932615,,65038.804889028004,6.292602104935291
Serafim335m,RECRIAR,MANDARIM,2.00054911168461,,47115.97200349439,6.962804011555767
Serafim335m,RECRIAR,RUSSO,3.0064380698656836,,52813.22687000161,7.295269279243489
Serafim335m,RECRIAR,ÁRABE,2.7449682577738477,,62587.70073275258,7.315191172241915
Serafim335m,RELATAR,PB NATIVO,1.307232642298149,,73736.7032035499,3.528156162284513
Serafim335m,RELATAR,ESPANHOL,1.7877722547413821,,105574.88780263728,5.018664740798385
Serafim335m,RELATAR,FRANCÊS,2.1392150166029533,,69693.32490663626,5.53511682436237
Serafim335m,RELATAR,GALEGO,1.6286291237053356,,89699.73210429822,4.565670050513202
Serafim335m,RELATAR,INGLÊS,1.9524866801663936,,75835.98315905995,5.647210745215935
Serafim335m,RELATAR,MANDARIM,2.204059380266174,,60206.99501582078,7.207271979034634
Serafim335m,RELATAR,RUSSO,3.133806836710972,,50231.6752353722,7.083992595036158
Serafim335m,RELATAR,ÁRABE,3.4672421939930826,,47823.02873422428,6.857281517737612
BERTimbauLarge,CAPACITAR,PB NATIVO,1.412754618536639,,3.095767084295545,0.3628122760071052
BERTimbauLarge,CAPACITAR,ESPANHOL,1.7391475054049625,,6.585991756925997,0.7880284009500574
BERTimbauLarge,CAPACITAR,FRANCÊS,2.124627091217319,,33.93615613773499,1.7707913575079066
BERTimbauLarge,CAPACITAR,GALEGO,1.5210159827936414,,6.8432115138001794,0.7244040634567037
BERTimbauLarge,CAPACITAR,INGLÊS,1.8858421187354713,,12.858797030224926,1.2555416223080047
BERTimbauLarge,CAPACITAR,MANDARIM,1.8351629724558098,,21.021461011795058,1.9117733394583905
BERTimbauLarge,CAPACITAR,RUSSO,3.251992077179478,,104.95522350432253,2.989351260805517
BERTimbauLarge,CAPACITAR,ÁRABE,3.5691608711971403,,55.87348661356124,2.7266636187377413
BERTimbauLarge,COMPARTILHAR,PB NATIVO,1.9280384345272548,,3.783907052584046,0.5018337790375481
BERTimbauLarge,COMPARTILHAR,ESPANHOL,2.223297553631003,,8.679073322566577,1.1054992900795175
BERTimbauLarge,COMPARTILHAR,FRANCÊS,2.4458792299161822,,29.933118533766123,1.8746744924853027
BERTimbauLarge,COMPARTILHAR,GALEGO,2.11133476450388,,7.877564743762076,0.9747724597289128
BERTimbauLarge,COMPARTILHAR,INGLÊS,2.5603171771480704,,13.493723744832907,1.5457575926118163
BERTimbauLarge,COMPARTILHAR,MANDARIM,3.2711209834485673,,64.03229750008447,2.8287605464371235
BERTimbauLarge,COMPARTILHAR,RUSSO,3.3878812846932322,,73.18147238600895,2.8708237144586657
BERTimbauLarge,COMPARTILHAR,ÁRABE,3.315382424328074,,36.85748345664681,2.455953727435201
BERTimbauLarge,EXPLICAR,PB NATIVO,1.3965356477448483,,3.091483896530116,0.3393090623098437
BERTimbauLarge,EXPLICAR,ESPANHOL,1.8053687018308646,,6.224356162084225,0.7567652758926398
BERTimbauLarge,EXPLICAR,FRANCÊS,2.2608399275792808,,22.482202163145523,1.4882786671033568
BERTimbauLarge,EXPLICAR,GALEGO,1.6996382989685745,,6.950035187939454,0.752250709729562
BERTimbauLarge,EXPLICAR,INGLÊS,2.210186893011497,,8.626028656764571,1.0521682318934007
BERTimbauLarge,EXPLICAR,MANDARIM,3.447271573911096,,46.87837187274184,2.572074942128853
BERTimbauLarge,EXPLICAR,RUSSO,2.947331819426233,,84.68935990307747,2.546411076349005
BERTimbauLarge,EXPLICAR,ÁRABE,3.170449183032331,,44.299587549754634,2.3669586669320206
BERTimbauLarge,EXPLORAR,PB NATIVO,1.497555782179925,,772.3116739967325,0.7233988829969634
BERTimbauLarge,EXPLORAR,ESPANHOL,1.9121086050046632,,232.24182938107677,1.2024573967113918
BERTimbauLarge,EXPLORAR,FRANCÊS,2.2933653466930126,,166.54347252120482,1.9769026824548446
BERTimbauLarge,EXPLORAR,GALEGO,1.8181809145171102,,232.9490487701587,1.1684227261190674
BERTimbauLarge,EXPLORAR,INGLÊS,1.9921499645978107,,262.81550485808185,1.5016696332770678
BERTimbauLarge,EXPLORAR,MANDARIM,1.9479020599452106,,424.0028301910257,3.038834075809197
BERTimbauLarge,EXPLORAR,RUSSO,3.388900144448026,,2063.3842953390217,2.996110029966239
BERTimbauLarge,EXPLORAR,ÁRABE,3.5857296371925402,,429.7046305352531,2.8710408127057776
BERTimbauLarge,FAZER,PB NATIVO,1.5406645157286873,,3.5917758949625096,0.4124958904876013
BERTimbauLarge,FAZER,ESPANHOL,1.8724619197064154,,7.510113030340812,0.8272052321116852
BERTimbauLarge,FAZER,FRANCÊS,2.3057298810601474,,26.827901758669466,1.5947955578439643
BERTimbauLarge,FAZER,GALEGO,1.7998039697443542,,8.035746886471246,0.7832726854490751
BERTimbauLarge,FAZER,INGLÊS,2.304471112660148,,10.076742866441819,1.1517481011784358
BERTimbauLarge,FAZER,MANDARIM,3.5139474608097676,,61.045374583320594,2.8704111266643064
BERTimbauLarge,FAZER,RUSSO,3.208827856912759,,105.594487514988,2.7863382833281634
BERTimbauLarge,FAZER,ÁRABE,3.6337778385904196,,42.34746683940832,2.442488811048397
BERTimbauLarge,RECOMENDAR,PB NATIVO,1.3532992712283307,,2.969011170156205,0.34768697028990064
BERTimbauLarge,RECOMENDAR,ESPANHOL,1.7943996290262514,,6.337861166855016,0.779350931288606
BERTimbauLarge,RECOMENDAR,FRANCÊS,2.2163088013770675,,28.683450808402256,1.664465106286098
BERTimbauLarge,RECOMENDAR,GALEGO,1.6571201203019745,,6.186102250517568,0.7259193999038004
BERTimbauLarge,RECOMENDAR,INGLÊS,1.9650282329891644,,9.277459263006621,1.1062952866942937
BERTimbauLarge,RECOMENDAR,MANDARIM,2.027975967477361,,130.1401893784887,2.908502923605693
BERTimbauLarge,RECOMENDAR,RUSSO,3.193380240371252,,98.5747806539917,2.8115448340833447
BERTimbauLarge,RECOMENDAR,ÁRABE,3.5550495076603834,,86.19456071828137,3.0403597159151845
BERTimbauLarge,RECRIAR,PB NATIVO,1.5334293384763569,,3.2020106624992417,0.43956964781444297
BERTimbauLarge,RECRIAR,ESPANHOL,1.9735637458676465,,9.115072299888357,1.0870236438497192
BERTimbauLarge,RECRIAR,FRANCÊS,2.1432932210540496,,23.696336900654792,1.7000597273341573
BERTimbauLarge,RECRIAR,GALEGO,1.8764315614640719,,10.572287970889077,1.1019003520533266
BERTimbauLarge,RECRIAR,INGLÊS,2.114596690932615,,9.635198118870218,1.2677019061977537
BERTimbauLarge,RECRIAR,MANDARIM,2.00054911168461,,23.51357082435983,2.014670525514224
BERTimbauLarge,RECRIAR,RUSSO,3.0064380698656836,,62.34889794597759,2.7239841854992717
BERTimbauLarge,RECRIAR,ÁRABE,2.7449682577738477,,42.506460826487555,2.438273611237309
BERTimbauLarge,RELATAR,PB NATIVO,1.307232642298149,,3.5994583655875254,0.37386127988093365
BERTimbauLarge,RELATAR,ESPANHOL,1.7877722547413821,,7.035043289985131,0.833729853164952
BERTimbauLarge,RELATAR,FRANCÊS,2.1392150166029533,,77.31300183038404,2.0516953308589394
BERTimbauLarge,RELATAR,GALEGO,1.6286291237053356,,7.572237893247029,0.7851955000802938
BERTimbauLarge,RELATAR,INGLÊS,1.9524866801663936,,12.588483474849845,1.247443340028452
BERTimbauLarge,RELATAR,MANDARIM,2.204059380266174,,34.252901238926675,2.216816756938983
BERTimbauLarge,RELATAR,RUSSO,3.133806836710972,,96.3342914252572,2.8928387639487565
BERTimbauLarge,RELATAR,ÁRABE,3.4672421939930826,,823.5669708149981,4.141272487678643
Albertina100m,CAPACITAR,PB NATIVO,2.201391570262041,,1.7781055831112014,0.284008042965627
Albertina100m,CAPACITAR,ESPANHOL,2.011370501052638,,8.662936149017346,1.0422778397702372
Albertina100m,CAPACITAR,FRANCÊS,2.0703780491293977,,33.165999591779304,1.7127637407616758
Albertina100m,CAPACITAR,GALEGO,1.9839296341344956,,6.922865795198091,0.949496429327512
Albertina100m,CAPACITAR,INGLÊS,1.214784916387152,,30.994900688434573,1.052223506848197
Albertina100m,CAPACITAR,MANDARIM,1.7748124697145888,,24.558786283372353,1.9672496396022126
Albertina100m,CAPACITAR,RUSSO,3.079946131374058,,107.28130504632553,2.8395645689451645
Albertina100m,CAPACITAR,ÁRABE,3.34097369474885,,67.41843219940462,2.665626540900332
Albertina100m,COMPARTILHAR,PB NATIVO,2.3172767346643863,,2.7726490928852514,0.545146822033157
Albertina100m,COMPARTILHAR,ESPANHOL,2.2574273000727993,,13.229273598578887,1.3806712668094843
Albertina100m,COMPARTILHAR,FRANCÊS,2.182865730464712,,35.09378808648132,1.8255468269879211
Albertina100m,COMPARTILHAR,GALEGO,2.294936070703689,,10.532857225254103,1.2530791566029447
Albertina100m,COMPARTILHAR,INGLÊS,1.5682529213846745,,48.88731492847416,1.429751416513545
Albertina100m,COMPARTILHAR,MANDARIM,3.8944271178142054,,12.18111541926892,2.1586801870874313
Albertina100m,COMPARTILHAR,RUSSO,2.9655480808383845,,115.3172233093196,2.8692210270679337
Albertina100m,COMPARTILHAR,ÁRABE,2.9464527481081304,,56.25255536386381,2.523357601789502
Albertina100m,EXPLICAR,PB NATIVO,2.207932341142377,,1.6989239245946717,0.25654884037320225
Albertina100m,EXPLICAR,ESPANHOL,2.1140257476245052,,7.280768743880513,0.9484303418297679
Albertina100m,EXPLICAR,FRANCÊS,2.209218866568002,,21.28179566283673,1.4401978002943938
Albertina100m,EXPLICAR,GALEGO,2.1756950666094035,,7.1925929447247,0.9569060358641414
Albertina100m,EXPLICAR,INGLÊS,1.5096559336489335,,20.90021644119058,0.9752721832341347
Albertina100m,EXPLICAR,MANDARIM,4.005543243323247,,9.79928351081006,1.8367232361820576
Albertina100m,EXPLICAR,RUSSO,2.8335741918819464,,87.07395647444572,2.4953610268718243
Albertina100m,EXPLICAR,ÁRABE,2.9981456470019285,,60.39628787579504,2.4116588919619146
Albertina100m,EXPLORAR,PB NATIVO,2.285781121181287,,5.903602456643177,0.5247283634839539
Albertina100m,EXPLORAR,ESPANHOL,2.1823174889507992,,13.82577950820225,1.2897118369503418
Albertina100m,EXPLORAR,FRANCÊS,2.2589447071825886,,49.69589091325768,1.8963274969213246
Albertina100m,EXPLORAR,GALEGO,2.2306055072068296,,12.449828042352662,1.2439984395289294
Albertina100m,EXPLORAR,INGLÊS,1.3965276464824432,,48.9870784870343,1.331639015149279
Albertina100m,EXPLORAR,MANDARIM,2.0048889241401464,,80.81691178179831,2.1415204941053045
Albertina100m,EXPLORAR,RUSSO,3.2247995079740783,,127.06479844266393,2.832846479548941
Albertina100m,EXPLORAR,ÁRABE,3.4701923434292703,,127.81864460539278,2.834824422487444
Albertina100m,FAZER,PB NATIVO,2.4086329129535797,,2.190153841100929,0.3934840972420109
Albertina100m,FAZER,ESPANHOL,2.191522490127142,,6.911398415096033,0.9550518932326809
Albertina100m,FAZER,FRANCÊS,2.241114730235452,,25.92280466291487,1.5366110659886694
Albertina100m,FAZER,GALEGO,2.2648580537344967,,6.323822481456993,0.9234075444342248
Albertina100m,FAZER,INGLÊS,1.6606146337302758,,20.81816810187159,1.0301165050423085
Albertina100m,FAZER,MANDARIM,4.125513061546193,,10.861775324829797,2.000223311847032
Albertina100m,FAZER,RUSSO,3.118819316041027,,95.97273983008111,2.667615265980996
Albertina100m,FAZER,ÁRABE,3.5009739545107212,,51.0072580469392,2.481798192366717
Albertina100m,RECOMENDAR,PB NATIVO,2.2173752440456185,,1.6681895221438516,0.27333429696187883
Albertina100m,RECOMENDAR,ESPANHOL,2.102789621816937,,7.848829126679947,1.0170326354307924
Albertina100m,RECOMENDAR,FRANCÊS,2.1033810584804886,,35.46770859311739,1.6736628801524278
Albertina100m,RECOMENDAR,GALEGO,2.1143970167798067,,6.67663238997953,0.9730458152881918
Albertina100m,RECOMENDAR,INGLÊS,1.2358758734976238,,34.904612124392465,1.0939284752549385
Albertina100m,RECOMENDAR,MANDARIM,2.049096198343087,,20.074194835499256,1.85554056789314
Albertina100m,RECOMENDAR,RUSSO,3.0323552801909357,,80.35530123831934,2.595887011934247
Albertina100m,RECOMENDAR,ÁRABE,3.3772577763515415,,118.72776174363185,3.092341167004664
Albertina100m,RECRIAR,PB NATIVO,2.275583916402955,,2.2010075491995504,0.4540277819021563
Albertina100m,RECRIAR,ESPANHOL,2.1860640328132703,,12.769773922466976,1.4025301130400136
Albertina100m,RECRIAR,FRANCÊS,2.1523301627500944,,25.716151502563047,1.7643542189404964
Albertina100m,RECRIAR,GALEGO,2.2341356691516343,,10.272422992774551,1.3085143891017874
Albertina100m,RECRIAR,INGLÊS,1.462624157172209,,17.616297615027783,1.1010919121397609
Albertina100m,RECRIAR,MANDARIM,1.9479120616295338,,27.485783978768584,2.0751855668794374
Albertina100m,RECRIAR,RUSSO,2.9148358793782148,,66.08065320543209,2.696255238752729
Albertina100m,RECRIAR,ÁRABE,2.651150768059277,,54.51899799981703,2.5162480015969266
Albertina100m,RELATAR,PB NATIVO,2.179008074724378,,1.6570650525268407,0.25658208623755646
Albertina100m,RELATAR,ESPANHOL,2.0667301491343064,,9.410438599979761,1.0852980425934056
Albertina100m,RELATAR,FRANCÊS,2.129638860065588,,28.221611420460142,1.6445448718301923
Albertina100m,RELATAR,GALEGO,2.089017938293077,,7.685604783060904,1.010632821795361
Albertina100m,RELATAR,INGLÊS,1.2571612571875785,,16.289172895149783,0.8879747766258268
Albertina100m,RELATAR,MANDARIM,2.1386472941648975,,36.14617750803827,2.2173831265012742
Albertina100m,RELATAR,RUSSO,3.024039324999128,,96.9154702455434,2.805678545728472
Albertina100m,RELATAR,ÁRABE,3.7488962852869543,,29.440363533823756,2.2810085703045124
BERTimbau,CAPACITAR,PB NATIVO,1.412754618536639,,3.702859834530713,0.42262033410991795
BERTimbau,CAPACITAR,ESPANHOL,1.7391475054049625,,9.178703603671757,0.9315430838552294
BERTimbau,CAPACITAR,FRANCÊS,2.124627091217319,,40.74881896132222,1.8549562691859103
BERTimbau,CAPACITAR,GALEGO,1.5210159827936414,,10.735429360484176,0.8913688414616492
BERTimbau,CAPACITAR,INGLÊS,1.8858421187354713,,16.79787794993368,1.3870251349335343
BERTimbau,CAPACITAR,MANDARIM,1.8351629724558098,,18.861921498605824,1.85585372042983
BERTimbau,CAPACITAR,RUSSO,3.251992077179478,,89.22700634768545,2.8691324450111964
BERTimbau,CAPACITAR,ÁRABE,3.5691608711971403,,51.63215036782534,2.6769158943147606
BERTimbau,COMPARTILHAR,PB NATIVO,1.9280384345272548,,4.518714480329328,0.5867954666281957
BERTimbau,COMPARTILHAR,ESPANHOL,2.223297553631003,,10.667359706728647,1.2215708300335393
BERTimbau,COMPARTILHAR,FRANCÊS,2.4458792299161822,,34.571480903999564,1.941387298748267
BERTimbau,COMPARTILHAR,GALEGO,2.11133476450388,,11.057836901008926,1.1292227280431641
BERTimbau,COMPARTILHAR,INGLÊS,2.5603171771480704,,17.50684727754677,1.7012509446523625
BERTimbau,COMPARTILHAR,MANDARIM,3.2711209834485673,,31.605850732517695,2.4811333683944827
BERTimbau,COMPARTILHAR,RUSSO,3.3878812846932322,,72.60151287698721,2.852247197858842
BERTimbau,COMPARTILHAR,ÁRABE,3.315382424328074,,34.576728922498766,2.4097067297672776
BERTimbau,EXPLICAR,PB NATIVO,1.3965356477448483,,3.7347048367469085,0.3926417795467527
BERTimbau,EXPLICAR,ESPANHOL,1.8053687018308646,,8.187506216016804,0.8695778833371628
BERTimbau,EXPLICAR,FRANCÊS,2.2608399275792808,,27.820294312484357,1.5741101388592562
BERTimbau,EXPLICAR,GALEGO,1.6996382989685745,,10.298100822120748,0.8909782088563887
BERTimbau,EXPLICAR,INGLÊS,2.210186893011497,,11.431239738731882,1.1721057566046498
BERTimbau,EXPLICAR,MANDARIM,3.447271573911096,,22.727021565992846,2.14374976455813
BERTimbau,EXPLICAR,RUSSO,2.947331819426233,,75.01687668549026,2.4582450742038406
BERTimbau,EXPLICAR,ÁRABE,3.170449183032331,,36.9767086772254,2.2667429174319778
BERTimbau,EXPLORAR,PB NATIVO,1.497555782179925,,2246.6434136154494,0.8290759785332507
BERTimbau,EXPLORAR,ESPANHOL,1.9121086050046632,,269.1334446852629,1.3305727856626797
BERTimbau,EXPLORAR,FRANCÊS,2.2933653466930126,,418.0370286075823,2.090273732198524
BERTimbau,EXPLORAR,GALEGO,1.8181809145171102,,269.8082580495001,1.2978998906186738
BERTimbau,EXPLORAR,INGLÊS,1.9921499645978107,,637.5986409017755,1.6628199366289451
BERTimbau,EXPLORAR,MANDARIM,1.9479020599452106,,967.8287643355737,2.6951167832629532
BERTimbau,EXPLORAR,RUSSO,3.388900144448026,,2729.0685844468912,2.9253609171310004
BERTimbau,EXPLORAR,ÁRABE,3.5857296371925402,,1371.7502330693205,2.9192243102389424
BERTimbau,FAZER,PB NATIVO,1.5406645157286873,,3.9878424617885115,0.44857729754952935
BERTimbau,FAZER,ESPANHOL,1.8724619197064154,,9.416222998574582,0.922908683149111
BERTimbau,FAZER,FRANCÊS,2.3057298810601474,,31.953644075853617,1.6747674764442062
BERTimbau,FAZER,GALEGO,1.7998039697443542,,10.427099741450169,0.8929563694872824
BERTimbau,FAZER,INGLÊS,2.304471112660148,,12.824230573350563,1.2635103378437667
BERTimbau,FAZER,MANDARIM,3.5139474608097676,,34.614342645562466,2.4564972855596774
BERTimbau,FAZER,RUSSO,3.208827856912759,,95.65577452493645,2.7303599384747663
BERTimbau,FAZER,ÁRABE,3.6337778385904196,,37.038386957713605,2.3575517916549797
BERTimbau,RECOMENDAR,PB NATIVO,1.3532992712283307,,3.394246817357569,0.3876401772380765
BERTimbau,RECOMENDAR,ESPANHOL,1.7943996290262514,,8.017579924515358,0.8782093621720348
BERTimbau,RECOMENDAR,FRANCÊS,2.2163088013770675,,33.89158971913835,1.751324271123117
BERTimbau,RECOMENDAR,GALEGO,1.6571201203019745,,8.424691937657496,0.8527406200220359
BERTimbau,RECOMENDAR,INGLÊS,1.9650282329891644,,11.308632326109873,1.2030615725968734
BERTimbau,RECOMENDAR,MANDARIM,2.027975967477361,,48.26224911060143,2.4276363084615142
BERTimbau,RECOMENDAR,RUSSO,3.193380240371252,,81.24008247838407,2.693156634869293
BERTimbau,RECOMENDAR,ÁRABE,3.5550495076603834,,78.06344584806678,2.974782666384124
BERTimbau,RECRIAR,PB NATIVO,1.5334293384763569,,3.714222101787468,0.49944689908720274
BERTimbau,RECRIAR,ESPANHOL,1.9735637458676465,,11.856850788670062,1.2083424720462665
BERTimbau,RECRIAR,FRANCÊS,2.1432932210540496,,27.806377087935648,1.7856032765602206
BERTimbau,RECRIAR,GALEGO,1.8764315614640719,,13.903506847763998,1.217839548537257
BERTimbau,RECRIAR,INGLÊS,2.114596690932615,,12.828734518062936,1.4145523395469173
BERTimbau,RECRIAR,MANDARIM,2.00054911168461,,22.051508271095702,1.9708871754238764
BERTimbau,RECRIAR,RUSSO,3.0064380698656836,,57.82529425060045,2.6776869728054646
BERTimbau,RECRIAR,ÁRABE,2.7449682577738477,,39.822719445195446,2.401876648863145
BERTimbau,RELATAR,PB NATIVO,1.307232642298149,,4.119410112865399,0.41744457236608584
BERTimbau,RELATAR,ESPANHOL,1.7877722547413821,,9.227627392106323,0.9492973995855692
BERTimbau,RELATAR,FRANCÊS,2.1392150166029533,,86.74843354611954,2.1090579841119927
BERTimbau,RELATAR,GALEGO,1.6286291237053356,,10.162128503429454,0.9057174034672287
BERTimbau,RELATAR,INGLÊS,1.9524866801663936,,17.727561831859276,1.412375770977796
BERTimbau,RELATAR,MANDARIM,2.204059380266174,,30.717441161724704,2.1505761505632695
BERTimbau,RELATAR,RUSSO,3.133806836710972,,91.46664815202966,2.850187298384541
BERTimbau,RELATAR,ÁRABE,3.4672421939930826,,146.0731650212789,3.1009175051756848
Albertina900m,CAPACITAR,PB NATIVO,1.8971331418199524,,1.6797587668625251,0.22681359901081444
Albertina900m,CAPACITAR,ESPANHOL,1.6945657836533077,,4.679956940740063,0.6359665649334478
Albertina900m,CAPACITAR,FRANCÊS,1.7462935935297752,,13.433425824491888,1.0730406479135948
Albertina900m,CAPACITAR,GALEGO,1.7704182258903671,,4.886535242764163,0.694512368043635
Albertina900m,CAPACITAR,INGLÊS,1.1459058089903376,,13.287621487379912,0.7367270785626131
Albertina900m,CAPACITAR,MANDARIM,1.5074116161106943,,33.32549733033248,1.8083352375971535
Albertina900m,CAPACITAR,RUSSO,2.7453950671125016,,129.33558521110712,2.623623755201689
Albertina900m,CAPACITAR,ÁRABE,3.076669874976364,,63.03940580795555,2.370853760665047
Albertina900m,COMPARTILHAR,PB NATIVO,1.9844920693292971,,2.545320490394667,0.4258892053293734
Albertina900m,COMPARTILHAR,ESPANHOL,1.8978613779490743,,8.949781968455467,0.9856375043313012
Albertina900m,COMPARTILHAR,FRANCÊS,1.8522032876866976,,24.261306068930207,1.3759645528063411
Albertina900m,COMPARTILHAR,GALEGO,1.984666434911506,,9.156493362437278,1.0385926206922051
Albertina900m,COMPARTILHAR,INGLÊS,1.4494220251714978,,18.404438858286145,0.9982688592761444
Albertina900m,COMPARTILHAR,MANDARIM,3.089236740292241,,24.828519785374823,2.160650266905549
Albertina900m,COMPARTILHAR,RUSSO,2.6450633228508935,,126.64010477703778,2.622805572569152
Albertina900m,COMPARTILHAR,ÁRABE,2.67289787951845,,54.22418613474874,2.2812306802291054
Albertina900m,EXPLICAR,PB NATIVO,1.8549235376116175,,1.590729524562495,0.1913132938124451
Albertina900m,EXPLICAR,ESPANHOL,1.7512749744364668,,4.4026953510361055,0.5879262886899028
Albertina900m,EXPLICAR,FRANCÊS,1.8528977781440559,,10.803652966004297,0.9369465901553362
Albertina900m,EXPLICAR,GALEGO,1.8648902952836426,,5.685911907542992,0.7334041504179484
Albertina900m,EXPLICAR,INGLÊS,1.3857257526958642,,9.99356992596763,0.6924704654484138
Albertina900m,EXPLICAR,MANDARIM,3.1768796002503947,,15.819254628261916,1.7384973563647264
Albertina900m,EXPLICAR,RUSSO,2.4616050502738425,,105.48596862595939,2.2701185962781567
Albertina900m,EXPLICAR,ÁRABE,2.6558670047002644,,48.803382770595036,2.0458621569523223
Albertina900m,EXPLORAR,PB NATIVO,1.9177709453576914,,3.513985364077776,0.4162392839297079
Albertina900m,EXPLORAR,ESPANHOL,1.7943581771467432,,16.435026090080118,0.9053772610866965
Albertina900m,EXPLORAR,FRANCÊS,1.8886799318380578,,33.626955102314156,1.3533349665954686
Albertina900m,EXPLORAR,GALEGO,1.9016926590505083,,18.586878493848037,1.0416079425489666
Albertina900m,EXPLORAR,INGLÊS,1.2867209439716987,,31.192693028597787,1.0836683097230948
Albertina900m,EXPLORAR,MANDARIM,1.6289684276849743,,74.3925573445971,2.1049485413024693
Albertina900m,EXPLORAR,RUSSO,2.886379681008846,,144.22123300919912,2.593386985915608
Albertina900m,EXPLORAR,ÁRABE,3.1748408858051427,,181.44403658401112,2.619756240171992
Albertina900m,FAZER,PB NATIVO,1.9524261417176343,,2.6010567512628753,0.3484276907538718
Albertina900m,FAZER,ESPANHOL,1.7674557604144585,,6.4013888674517725,0.6652504297150744
Albertina900m,FAZER,FRANCÊS,1.834195680316618,,14.181959067839287,1.0028666537662634
Albertina900m,FAZER,GALEGO,1.899186093550972,,6.301661577716512,0.7465272390363097
Albertina900m,FAZER,INGLÊS,1.4727393125086554,,14.864093765967242,0.7689107948949626
Albertina900m,FAZER,MANDARIM,3.204519969730897,,25.057840506940313,2.0800934575852477
Albertina900m,FAZER,RUSSO,2.6578467859900337,,131.13523079345964,2.4024218732799545
Albertina900m,FAZER,ÁRABE,3.0411979650703755,,54.60216079048032,2.2026834741701773
Albertina900m,RECOMENDAR,PB NATIVO,1.8100291912019753,,1.6507635930500555,0.21161898473436666
Albertina900m,RECOMENDAR,ESPANHOL,1.6904851025835919,,5.383350410232715,0.6316007480336121
Albertina900m,RECOMENDAR,FRANCÊS,1.7551736245813407,,14.72985629285921,1.0409080050606185
Albertina900m,RECOMENDAR,GALEGO,1.8362433539050127,,5.327343797006307,0.7254495399542858
Albertina900m,RECOMENDAR,INGLÊS,1.1260699067008375,,19.925742048957726,0.8133003855729242
Albertina900m,RECOMENDAR,MANDARIM,1.618631892759183,,44.1504305880229,1.9070764748491627
Albertina900m,RECOMENDAR,RUSSO,2.6309317141216675,,100.43030333738233,2.3605991317744497
Albertina900m,RECOMENDAR,ÁRABE,2.998039353305843,,138.88049434337296,2.8286882156956636
Albertina900m,RECRIAR,PB NATIVO,1.8484834123350466,,2.1711756113527945,0.35478347381796144
Albertina900m,RECRIAR,ESPANHOL,1.7749887544143352,,8.504150684220908,0.9456441811258293
Albertina900m,RECRIAR,FRANCÊS,1.772663188506921,,15.689555044382445,1.2344685175127432
Albertina900m,RECRIAR,GALEGO,1.8917360857953878,,9.70307066535671,1.0803241489486282
Albertina900m,RECRIAR,INGLÊS,1.3223995822112402,,8.425308488066921,0.7258843559501773
Albertina900m,RECRIAR,MANDARIM,1.6369990702590764,,45.3685563811155,1.9937270188605059
Albertina900m,RECRIAR,RUSSO,2.4853551027111056,,96.87150484883328,2.512008251761842
Albertina900m,RECRIAR,ÁRABE,2.328655618385336,,68.40786873151319,2.338813305719746
Albertina900m,RELATAR,PB NATIVO,1.7986719798285,,1.5491782653285044,0.1814910984445347
Albertina900m,RELATAR,ESPANHOL,1.6743375288068092,,6.352992365727102,0.7028053271731813
Albertina900m,RELATAR,FRANCÊS,1.718130781977498,,12.175190960674058,0.9844194523471816
Albertina900m,RELATAR,GALEGO,1.8000530380467483,,6.305716999074577,0.7832951219219024
Albertina900m,RELATAR,INGLÊS,1.1476985493734877,,8.797200075976795,0.6189253494076316
Albertina900m,RELATAR,MANDARIM,1.7764019172165542,,55.05569680432287,2.0475625054461335
Albertina900m,RELATAR,RUSSO,2.6377368478379823,,119.816414488128,2.557487729771691
Albertina900m,RELATAR,ÁRABE,3.0961866301431935,,46.639453678974995,2.139876078618974
