Scenario,Model,ppl_delta_mean,ppl_delta_std,bpb_delta_mean,bpb_delta_std,n
Tradução,BODE,41.290394849743166,82.6878588710534,25.188721518974006,43.6727272273616,56
Tradução,Cabrita,68.43890369305107,121.4308845458937,58.665669303407206,59.04015690278575,56
Tradução,Gemma,2.57753845010105,73.08478761447847,26.4298007624463,46.05816374490638,56
Tradução,Gervasio,6.812520296164946,57.21921984724076,20.0282032930344,38.7933376733439,56
Tradução,Qwen,31.319549944668246,98.50599989372849,17.727296928120943,32.949161721607844,56
Tradução,Sabia,154.02372620124098,174.63857593492813,54.870079077055586,59.325373583919216,56
Tradução,Tucano,71.99488574045772,157.2002640719981,84.41923492077414,71.64638960504622,56
Grammar swap,BODE,40.034469824957185,66.85164389938568,12.242277099475148,17.636848831208997,16
Grammar swap,Cabrita,169.85460300844508,227.91412722315718,29.181330114165185,16.134257399887343,16
Grammar swap,Gemma,113.27518738791724,223.91869781951652,17.51466198008758,18.832502891849558,16
Grammar swap,Gervasio,77.60398048135859,91.28940498231458,20.37656360185887,18.139657363711056,16
Grammar swap,Qwen,127.03945129393784,124.45538011524904,9.420888221912827,9.113049962441494,16
Grammar swap,Sabia,77.46989751415414,74.45333037174497,26.550842954640615,18.359968878937856,16
Grammar swap,Tucano,264.59617260916843,318.42101468298995,34.57244809603506,21.191372295137977,16
Lexical swap,BODE,92.27987800247364,83.58267582161996,36.247424916984,38.960125427371665,56
Lexical swap,Cabrita,96.55685313246296,109.30989623496907,65.15578187266883,54.02033865109266,56
Lexical swap,Gemma,65.08842956869884,78.22417358825867,40.13056455640755,41.16597116662463,56
Lexical swap,Gervasio,73.11964558639428,83.69631858085728,36.468010362520936,38.46179844695399,56
Lexical swap,Qwen,67.69382688640339,114.17642960790326,20.043712896377453,29.5880873505112,56
Lexical swap,Sabia,214.57800823626644,177.70598421838565,66.68028914526744,55.50437542731223,56
Lexical swap,Tucano,80.4807122317521,134.58695679968795,89.34037574881056,66.68785535798969,56
