Scenario,Model,Language,ppl_mean,ppl_std,bpb_mean,bpb_std,n
Tradução,BODE,PB NATIVO,16.87952017517497,3.2297436435668336,1.2916202929497933,0.14903155607811844,8
Tradução,BODE,ESPANHOL,11.290700768653473,1.8540137328634931,1.0865224307449188,0.11907125422366832,8
Tradução,BODE,FRANCÊS,10.007259214965242,1.7077377006635093,1.0126962365487202,0.11803702260828887,8
Tradução,BODE,GALEGO,44.34415707554321,9.818427930831414,1.7983319119848078,0.15867882176400874,8
Tradução,BODE,INGLÊS,12.269017123568268,1.4362684801424583,0.933556739057008,0.09204432904352382,8
Tradução,BODE,MANDARIM,23.41507622865751,5.944003030024754,2.0739396546510362,0.06549829988823952,8
Tradução,BODE,RUSSO,26.279605267981633,6.45980168917532,1.9908433655622317,0.16469897729471766,8
Tradução,BODE,ÁRABE,40.71410884697031,23.00602155087089,2.3748099408132037,0.2588064325183201,8
Tradução,Cabrita,PB NATIVO,20.973150042954924,2.7159574359611347,1.131954593031718,0.06913098251310064,8
Tradução,Cabrita,ESPANHOL,14.19223876403321,1.0859604047556486,1.205413418717822,0.1180961292646948,8
Tradução,Cabrita,FRANCÊS,11.681951627954568,1.7465870327518933,1.2028228373192171,0.13662739756505782,8
Tradução,Cabrita,GALEGO,43.40514260948492,6.894303034617086,1.6460673249072753,0.13192246299144383,8
Tradução,Cabrita,INGLÊS,17.826909315881935,1.3386377245679681,0.9983747949734314,0.07735451299840637,8
Tradução,Cabrita,MANDARIM,27.92389348999137,13.086557348509833,2.2408073650694353,0.08424579386274889,8
Tradução,Cabrita,RUSSO,63.017057748341415,13.498960556437202,2.547687811489377,0.1230938181856022,8
Tradução,Cabrita,ÁRABE,67.05885743464411,34.3719586399736,2.7192309761116227,0.1697303955331887,8
Tradução,Gemma,PB NATIVO,48.304803051029715,11.306696847725885,1.269497714836781,0.1337615568986457,8
Tradução,Gemma,ESPANHOL,26.14747847054128,4.327756161756232,1.083674027566888,0.11461443478551923,8
Tradução,Gemma,FRANCÊS,17.02077200117529,3.6945589838687267,1.0013116709928997,0.11778777955134671,8
Tradução,Gemma,GALEGO,62.06735670300858,16.714824189607004,1.5067790725293881,0.183245035051301,8
Tradução,Gemma,INGLÊS,20.09610697957982,2.758981367583987,0.9781177498805019,0.08971337786855985,8
Tradução,Gemma,MANDARIM,60.31470416339903,33.70314542327569,2.068092147380394,0.1061093931632516,8
Tradução,Gemma,RUSSO,58.940952071329065,20.59819520763357,2.073728828338681,0.17871281833200248,8
Tradução,Gemma,ÁRABE,104.08151154962664,75.46816390413204,2.493610880369469,0.2631265175429305,8
Tradução,Gervasio,PB NATIVO,15.29078490332311,2.300410684109303,1.0691216852415055,0.11860497086457657,8
Tradução,Gervasio,ESPANHOL,10.73775456958893,1.7946500820220013,0.9311094863033109,0.10866277379543762,8
Tradução,Gervasio,FRANCÊS,8.931306902050128,1.6809721385048846,0.8603843426401235,0.10559367846412944,8
Tradução,Gervasio,GALEGO,16.383159578729526,2.965608706281131,1.1853737965705788,0.13823447486400417,8
Tradução,Gervasio,INGLÊS,15.297560305446549,1.7206322830731775,0.8828029108720462,0.08769583548976403,8
Tradução,Gervasio,MANDARIM,19.29732906427037,7.600654811640563,1.6895451211993873,0.0969533534389997,8
Tradução,Gervasio,RUSSO,14.416957852657868,3.920936111786944,1.4696676679558853,0.16435983681791846,8
Tradução,Gervasio,ÁRABE,30.264984583344372,21.163970747252268,1.9462371133252026,0.29949701520890193,8
Tradução,Qwen,PB NATIVO,4448.362202000277,1871.3121488162074,3.3189402369699015,0.17187934748773537,8
Tradução,Qwen,ESPANHOL,10774.41718927912,5578.871716159886,3.5529310000860765,0.11361259139454619,8
Tradução,Qwen,FRANCÊS,1523.9037995368776,527.6994870123293,2.865515394733002,0.17955486564076875,8
Tradução,Qwen,GALEGO,9451.795289268563,3098.8265801066796,3.863534399181624,0.14453533045354144,8
Tradução,Qwen,INGLÊS,983.4433628469105,259.7768523628578,2.2271559496522975,0.19020796064039133,8
Tradução,Qwen,MANDARIM,2158.2426584843256,983.3140352084013,4.524314862997734,0.7214776700866791,8
Tradução,Qwen,RUSSO,7887.067747792325,2440.755898762982,5.069826289084163,0.09277454998203061,8
Tradução,Qwen,ÁRABE,6048.240080483593,2093.1795646556316,5.202540794756135,0.1363458701788972,8
Tradução,Sabia,PB NATIVO,9.472368089459174,1.1647489846325474,1.0262906815226662,0.10368174056861533,8
Tradução,Sabia,ESPANHOL,9.570364471290889,1.2073014707526983,1.0090016426029977,0.10692718982568272,8
Tradução,Sabia,FRANCÊS,8.872443496576945,1.4677935450206183,0.962989926777687,0.12361200600414683,8
Tradução,Sabia,GALEGO,29.564748339569892,4.692912711706503,1.6046587451074146,0.14938361878704523,8
Tradução,Sabia,INGLÊS,11.63236155043893,1.1661844969460617,0.9104376876485524,0.07636429274583648,8
Tradução,Sabia,MANDARIM,25.19106821766157,7.920944476042416,2.055387834188214,0.0801860482102449,8
Tradução,Sabia,RUSSO,35.777000916215805,19.14619056765168,2.0712907756116294,0.14224861789116786,8
Tradução,Sabia,ÁRABE,48.67859817561395,21.014668970270197,2.474804527420955,0.2198505378325442,8
Tradução,Tucano,PB NATIVO,29.538807385328724,3.049107589839549,1.0630584558300735,0.09544377272369452,8
Tradução,Tucano,ESPANHOL,17.842683150846554,2.1868213177352644,1.2450217456713306,0.14051671698089363,8
Tradução,Tucano,FRANCÊS,13.704600511439565,3.1022598080406234,1.3149892383221906,0.14955212995923703,8
Tradução,Tucano,GALEGO,52.18784325597898,8.469606952207599,1.6165021252485154,0.1497873403974844,8
Tradução,Tucano,INGLÊS,13.548065345420637,1.610359411706635,1.2230731199008327,0.1154942440166636,8
Tradução,Tucano,MANDARIM,35.17567446362402,9.6549080750016,2.3555821008318754,0.08229912468087186,8
Tradução,Tucano,RUSSO,138.46762999832308,31.305889112943152,3.0578552850513256,0.10839733228707342,8
Tradução,Tucano,ÁRABE,82.8260107562435,33.7538396770036,2.8632013354108765,0.2093627478683564,8
Grammar swap,BODE,PB NATIVO,19.522277826461714,4.028789975436359,1.3613563093538132,0.20978861173162758,3
Grammar swap,BODE,ESPANHOL,20.54477915183996,,1.3098396854573968,,1
Grammar swap,BODE,FRANCÊS,20.633619662824806,1.4704086417201125,1.4677998107473762,0.16508677804234118,2
Grammar swap,BODE,GALEGO,14.900358700665302,,1.2228666546229447,,1
Grammar swap,BODE,INGLÊS,15.457916923961863,0.5690954060388185,1.2877907868411576,0.10624895940639621,3
Grammar swap,BODE,MANDARIM,48.38500972567488,4.645941723284956,1.7305641720219083,0.0560548866133262,3
Grammar swap,BODE,RUSSO,28.87533670063306,3.3359495647572857,1.6645111666538608,0.1392867153827815,3
Grammar swap,BODE,ÁRABE,26.88160796814366,6.686090286618777,1.6517533557884736,0.1390092198691431,3
Grammar swap,Cabrita,PB NATIVO,21.78522532610099,0.3802610395661563,1.1332959399375404,0.08842226710759825,3
Grammar swap,Cabrita,ESPANHOL,29.273346034526234,,1.2686448899998657,,1
Grammar swap,Cabrita,FRANCÊS,36.893892994842105,2.1598500338083104,1.3992999490533038,0.10643292216810367,2
Grammar swap,Cabrita,GALEGO,29.391102539375915,,1.205434763308003,,1
Grammar swap,Cabrita,INGLÊS,31.64362755211759,5.474928968627703,1.2520757028282312,0.007180549330271776,3
Grammar swap,Cabrita,MANDARIM,150.7477006288852,47.936087814772534,1.6784062443278873,0.01170044476802926,3
Grammar swap,Cabrita,RUSSO,46.09064384325158,6.379384666217212,1.567660160777615,0.06789654263134506,3
Grammar swap,Cabrita,ÁRABE,41.55775653461679,14.248101808696688,1.5512472082737734,0.06848727967523081,3
Grammar swap,Gemma,PB NATIVO,57.95338922711403,12.056052887353996,1.342636674634238,0.18309139700322613,3
Grammar swap,Gemma,ESPANHOL,63.08099144746488,,1.352205530942163,,1
Grammar swap,Gemma,FRANCÊS,60.773630388512245,2.6939136166801187,1.5007728057724687,0.16121375128482168,2
Grammar swap,Gemma,GALEGO,46.66835637852557,,1.274925437323403,,1
Grammar swap,Gemma,INGLÊS,47.96365518834454,2.9426660920110743,1.3246706910802188,0.07728601338235967,3
Grammar swap,Gemma,MANDARIM,356.02886850034855,97.17080387602482,1.8590828924359428,0.05137889834390566,3
Grammar swap,Gemma,RUSSO,88.80432062998709,19.590830162268222,1.6848627398738667,0.1289592796433624,3
Grammar swap,Gemma,ÁRABE,82.63634750050223,31.510394254182753,1.6912682823097855,0.12268319881713413,3
Grammar swap,Gervasio,PB NATIVO,16.21849649414686,3.5186505400213592,1.106196465241476,0.17381219354840724,3
Grammar swap,Gervasio,ESPANHOL,18.681039296780284,,1.149203004444083,,1
Grammar swap,Gervasio,FRANCÊS,20.58640653430253,2.7303528318083066,1.2832003546915192,0.13888560189351926,2
Grammar swap,Gervasio,GALEGO,14.42082428543764,,1.0743234473692267,,1
Grammar swap,Gervasio,INGLÊS,15.858574893633715,0.7444694976509846,1.1196077566557394,0.07648072483474715,3
Grammar swap,Gervasio,MANDARIM,52.85918667268652,3.6266465796427934,1.5210596651289976,0.058967615683657715,3
Grammar swap,Gervasio,RUSSO,29.024631077557284,3.81904695307381,1.4249518895610294,0.1269528221272702,3
Grammar swap,Gervasio,ÁRABE,29.067680441702993,5.0804072240442535,1.4418030143373395,0.136403747962572,3
Grammar swap,Qwen,PB NATIVO,4870.772365724636,2499.648798762654,3.3922071770802007,0.2512263026733772,3
Grammar swap,Qwen,ESPANHOL,9098.255272250532,,3.529136139766685,,1
Grammar swap,Qwen,FRANCÊS,6196.861069121704,2022.045046555746,3.6734853209565665,0.160724958365056,2
Grammar swap,Qwen,GALEGO,6142.3094520886025,,3.41244199365381,,1
Grammar swap,Qwen,INGLÊS,8223.165307772195,5011.518692986123,3.550053360829214,0.17387536980448087,3
Grammar swap,Qwen,MANDARIM,21701.273983754814,10464.461799289173,3.8153432614531826,0.17342236353875817,3
Grammar swap,Qwen,RUSSO,9196.344086608739,3728.53153892749,3.8539127847450505,0.05995108208431761,3
Grammar swap,Qwen,ÁRABE,11644.812647347959,6917.720009204801,3.976499739899379,0.03416085847842385,3
Grammar swap,Sabia,PB NATIVO,10.192786364197069,1.6381097578081651,1.05578702571426,0.1458984927050754,3
Grammar swap,Sabia,ESPANHOL,13.516093707929873,,1.1603082692978322,,1
Grammar swap,Sabia,FRANCÊS,14.583811099107605,0.9238997897726409,1.2937138231140808,0.13588456086525744,2
Grammar swap,Sabia,GALEGO,10.58444213618813,,1.0672077765676915,,1
Grammar swap,Sabia,INGLÊS,11.11067933364467,0.5227097553052393,1.1206825612699953,0.048969963861536514,3
Grammar swap,Sabia,MANDARIM,30.607012570393696,2.409000282539468,1.5245944107335754,0.04456376096515418,3
Grammar swap,Sabia,RUSSO,18.46398387963166,1.34491290509034,1.431947885462103,0.10999007268952327,3
Grammar swap,Sabia,ÁRABE,17.865340996718967,3.6157310698199963,1.4367928756434496,0.1097092454718713,3
Grammar swap,Tucano,PB NATIVO,29.04252152666862,3.477875718340803,1.066853765785524,0.10687089530474342,3
Grammar swap,Tucano,ESPANHOL,42.92030609172129,,1.2508104539666889,,1
Grammar swap,Tucano,FRANCÊS,56.23874563700343,0.6368456531029476,1.3558576462197163,0.12478926278733443,2
Grammar swap,Tucano,GALEGO,39.3698791798326,,1.1280642578991635,,1
Grammar swap,Tucano,INGLÊS,46.70165669039151,9.794313386031707,1.1933156304795753,0.022561829332007493,3
Grammar swap,Tucano,MANDARIM,270.49622831694256,81.21587988227773,1.6424541753525883,0.011212047243897268,3
Grammar swap,Tucano,RUSSO,98.39260090602966,15.173657268262165,1.5862540748971083,0.06498285301114169,3
Grammar swap,Tucano,ÁRABE,86.9601228769958,38.57298260015958,1.5601945595709859,0.09141168540151884,3
Lexical swap,BODE,PB NATIVO,16.87952017517497,3.2297436435668336,1.2916202929497933,0.14903155607811844,8
Lexical swap,BODE,ESPANHOL,19.151392142815183,1.896686930586713,1.2760532843872607,0.12514312010516773,8
Lexical swap,BODE,FRANCÊS,21.703011263737167,6.418373552143989,1.2709788752116342,0.13210895634110734,8
Lexical swap,BODE,GALEGO,48.53667572535444,6.921775928263404,1.8038461605786376,0.15824893880430693,8
Lexical swap,BODE,INGLÊS,31.710760709113075,8.970542586756915,1.245340545241806,0.14640693142089126,8
Lexical swap,BODE,MANDARIM,23.87913983806964,4.332559008340166,2.0740732118272582,0.13583281593854,8
Lexical swap,BODE,RUSSO,28.617387090080772,5.746952899316439,2.023947673714406,0.15248507884675103,8
Lexical swap,BODE,ÁRABE,50.824872579706806,12.134736405811921,2.5596633368791433,0.18340493966549246,8
Lexical swap,Cabrita,PB NATIVO,20.973150042954924,2.7159574359611347,1.131954593031718,0.06913098251310064,8
Lexical swap,Cabrita,ESPANHOL,17.86233563573018,1.3355416606436248,1.282806281376616,0.10672536617164716,8
Lexical swap,Cabrita,FRANCÊS,18.060944340699077,3.7725468593252645,1.367867003387466,0.11304536893426173,8
Lexical swap,Cabrita,GALEGO,46.19512340491068,5.585156069342113,1.6085775466391115,0.13168369060064902,8
Lexical swap,Cabrita,INGLÊS,40.75077764706881,9.755910818403434,1.257747780973987,0.11853392562089979,8
Lexical swap,Cabrita,MANDARIM,26.8977716044845,11.400375659380504,2.2497620271565966,0.14063820783303232,8
Lexical swap,Cabrita,RUSSO,59.840537583866485,10.766452985090439,2.502724556599906,0.14136681789817152,8
Lexical swap,Cabrita,ÁRABE,75.27850314718233,14.18976443638401,2.804363337526727,0.1598833339875977,8
Lexical swap,Gemma,PB NATIVO,48.304803051029715,11.306696847725885,1.269497714836781,0.1337615568986457,8
Lexical swap,Gemma,ESPANHOL,66.96860129413093,8.437078289874938,1.3086183644423497,0.12380229197412362,8
Lexical swap,Gemma,FRANCÊS,54.72500549817821,25.630066950537778,1.2938192718713792,0.15188204226334745,8
Lexical swap,Gemma,GALEGO,103.68685362180263,30.585321626078873,1.615652081279155,0.18445456804960034,8
Lexical swap,Gemma,INGLÊS,66.27266553626829,21.78901209744035,1.3177902717932894,0.15061022373373004,8
Lexical swap,Gemma,MANDARIM,58.731689443653245,25.997702388033556,2.0819352400939133,0.13834144082456032,8
Lexical swap,Gemma,RUSSO,68.67282764373059,21.116700694147344,2.1199406789860196,0.18368644177020224,8
Lexical swap,Gemma,ÁRABE,126.39243117565327,36.631407950636756,2.6701265215734664,0.18414806061673444,8
Lexical swap,Gervasio,PB NATIVO,15.29078490332311,2.300410684109303,1.0691216852415055,0.11860497086457657,8
Lexical swap,Gervasio,ESPANHOL,19.394388602486814,2.3773461335226598,1.1080393979411505,0.11859115168293795,8
Lexical swap,Gervasio,FRANCÊS,19.951671516628096,5.158961907683517,1.1167296135973483,0.12456913891224644,8
Lexical swap,Gervasio,GALEGO,23.263384316624993,4.518984575675279,1.286426112285973,0.14768521680867283,8
Lexical swap,Gervasio,INGLÊS,39.18153781941948,11.242403632827555,1.1479646197003057,0.12981074147753632,8
Lexical swap,Gervasio,MANDARIM,19.11216704644535,5.3623980195268635,1.7121498969461038,0.13331007883326906,8
Lexical swap,Gervasio,RUSSO,18.645870607084785,5.096565052869219,1.5889907947614301,0.16142449902340184,8
Lexical swap,Gervasio,ÁRABE,44.61720106622738,13.899733259712017,2.217013645734609,0.22578921592784484,8
Lexical swap,Qwen,PB NATIVO,4448.362202000277,1871.3121488162074,3.3189402369699015,0.17187934748773537,8
Lexical swap,Qwen,ESPANHOL,16360.09687112767,8815.035294624387,3.633829240609932,0.12859381765483083,8
Lexical swap,Qwen,FRANCÊS,2794.338829767809,1149.2781625340976,3.0125745474456656,0.14463349733751546,8
Lexical swap,Qwen,GALEGO,9917.182838613442,4145.605377857145,3.788329499534876,0.10789438193159458,8
Lexical swap,Qwen,INGLÊS,3998.9191890849756,2022.530426900991,2.6336521558520705,0.2683146449231839,8
Lexical swap,Qwen,MANDARIM,2303.712878879616,1253.4069158346053,4.535894745397224,0.7693649912718186,8
Lexical swap,Qwen,RUSSO,8057.92933532037,2146.2683869853654,5.056193110038674,0.14558709021577051,8
Lexical swap,Qwen,ÁRABE,6142.935421614101,1352.2482130136946,5.187167168505159,0.11244699146049408,8
Lexical swap,Sabia,PB NATIVO,9.472368089459174,1.1647489846325474,1.0262906815226662,0.10368174056861533,8
Lexical swap,Sabia,ESPANHOL,13.991103595375428,0.9810044528955937,1.136335483332407,0.10571653526676089,8
Lexical swap,Sabia,FRANCÊS,18.267117505235092,4.222835585431503,1.2016571476503435,0.11888299471301246,8
Lexical swap,Sabia,GALEGO,30.69521194694668,2.3107873568657764,1.5801490549509427,0.1399425302632923,8
Lexical swap,Sabia,INGLÊS,27.773669404331084,6.529803588594799,1.1938282922074732,0.12560203564231398,8
Lexical swap,Sabia,MANDARIM,25.382069027609127,7.458722887876961,2.0920171561550727,0.0966573712668391,8
Lexical swap,Sabia,RUSSO,31.436888143419292,7.539511650231517,2.0720415707011424,0.15761879519093822,8
Lexical swap,Sabia,ÁRABE,59.282194484734084,17.774699823139123,2.646346725455338,0.18933781682265854,8
Lexical swap,Tucano,PB NATIVO,29.538807385328724,3.049107589839549,1.0630584558300735,0.09544377272369452,8
Lexical swap,Tucano,ESPANHOL,21.19199342781117,2.624614516567072,1.3110525460036433,0.12532595064526503,8
Lexical swap,Tucano,FRANCÊS,18.47539311800086,4.540704445293061,1.440750395145935,0.1391810799333792,8
Lexical swap,Tucano,GALEGO,55.880576207483145,10.327556840511159,1.5965728071495526,0.14717843077148454,8
Lexical swap,Tucano,INGLÊS,23.714557850104715,5.643929267266962,1.44306288068686,0.14866760822786132,8
Lexical swap,Tucano,MANDARIM,36.91006559202718,10.095823089767856,2.32739097472737,0.15897047566598518,8
Lexical swap,Tucano,RUSSO,117.17507824661882,16.470990610499328,2.970513060499834,0.12356152671013812,8
Lexical swap,Tucano,ÁRABE,96.49096517324577,21.982025835785503,2.9489190667396548,0.1755767751989453,8
