Scenario,Model,ppl_mean,ppl_std,bpb_mean,bpb_std,n
Tradução,BODE,23.14993058768933,15.409881438053647,1.570290071538965,0.5424675146374709,64
Tradução,Cabrita,33.259900129160805,24.621433033894156,1.7115448902024872,0.6624949667290493,64
Tradução,Gemma,49.621710623711174,39.91944570093931,1.5593515114868755,0.5671004981973071,64
Tradução,Gervasio,16.327479719926355,9.894319756964704,1.254280265513505,0.4090199923536561,64
Tradução,Qwen,5409.434041211499,4316.759800951867,3.8280948659326164,1.0288564330251582,64
Tradução,Sabia,22.344869157103396,17.260446842747175,1.5143577276100146,0.5982889085905196,64
Tradução,Tucano,47.911414358400634,43.95433582266425,1.8424104257833775,0.7634838269675329,64
Grammar swap,BODE,26.00414866383055,11.523775413211132,1.5029596491343544,0.2158936159920266,19
Grammar swap,Cabrita,53.04879453781594,47.30418986165122,1.4116176484131377,0.2058875290623789,19
Grammar swap,Gemma,112.18191324957391,114.93430147413768,1.544012653726982,0.23272867366050054,19
Grammar swap,Gervasio,26.492651862631845,13.328274989255913,1.2963570281036894,0.1980264187520767,19
Grammar swap,Qwen,10239.125896642503,7310.901771454931,3.6869788288081424,0.24543224897192858,19
Grammar swap,Sabia,16.736187761899547,7.145254566500279,1.2907556825559914,0.20073673360037825,19
Grammar swap,Tucano,94.18668776298132,87.66052317169145,1.3809371906611911,0.23292426559893226,19
Lexical swap,BODE,30.162844940506506,13.860429986316579,1.6931904225987424,0.48945512741252084,64
Lexical swap,Cabrita,38.23239292586212,21.616069467633867,1.775725390836516,0.621446338314753,64
Lexical swap,Gemma,74.21935965805586,34.11817201588353,1.7096725181095442,0.5156750521498795,64
Lexical swap,Gervasio,24.93212573478,12.31035035288531,1.4058044707760533,0.4073548665159907,64
Lexical swap,Qwen,6752.934695801033,5640.902946097198,3.8958225880441875,0.9353215283988511,64
Lexical swap,Sabia,27.037577774638745,16.1967114424686,1.6185832639969233,0.5689231082841527,64
Lexical swap,Tucano,49.92217962507755,36.88823724702724,1.8876650233478653,0.7238501933163121,64
