Scenario,Model,Language,ppl_delta_mean,ppl_delta_std,bpb_delta_mean,bpb_delta_std,n
Tradução,BODE,ESPANHOL,-32.39373821449542,8.40270196466928,-15.71280936203727,4.554389438821941,8
Tradução,BODE,FRANCÊS,-39.99822553177961,8.844793491535778,-21.479850486021682,4.332132956998224,8
Tradução,BODE,GALEGO,162.48678396241365,23.27766545404079,39.649640486895485,5.506175991145728,8
Tradução,BODE,INGLÊS,-26.073513378326272,9.967977220441869,-27.462380365652585,4.983632175079132,8
Tradução,BODE,MANDARIM,39.723025962058486,29.882514678172672,62.271664882591466,17.71625210930886,8
Tradução,BODE,RUSSO,55.505491736814555,20.179129791295612,54.78662972064671,9.098272100606769,8
Tradução,BODE,ÁRABE,129.78293941151674,81.96357077739674,84.26815575639591,11.167984916916364,8
Tradução,Cabrita,ESPANHOL,-30.913805836869322,13.80525694651466,6.397000675343633,6.198271462458964,8
Tradução,Cabrita,FRANCÊS,-42.844881629871225,15.122944115537965,6.103194084096329,7.479208032241602,8
Tradução,Cabrita,GALEGO,109.16608429011465,36.25492283884639,45.35295583333115,5.507510353809952,8
Tradução,Cabrita,INGLÊS,-14.100392718023544,9.031119236455455,-11.789681038933365,4.318358157331019,8
Tradução,Cabrita,MANDARIM,36.57502601665731,65.5298143773475,98.5481985241576,13.158101925204448,8
Tradução,Cabrita,RUSSO,202.70112891703843,60.74008145824708,125.44513937324301,10.946797086013238,8
Tradução,Cabrita,ÁRABE,218.48916681231117,153.13070633063862,140.60287767261212,14.456376791389937,8
Tradução,Gemma,ESPANHOL,-43.643943000701526,15.066253244686846,-14.4131572630852,6.478464332100742,8
Tradução,Gemma,FRANCÊS,-63.80428953698759,8.475072723119684,-21.068404363156723,4.759481457851609,8
Tradução,Gemma,GALEGO,32.09496045466399,38.944022602776585,18.718412145126855,7.1496671444327085,8
Tradução,Gemma,INGLÊS,-57.01019885471928,8.389591628190082,-22.70265314373645,5.301973965947661,8
Tradução,Gemma,MANDARIM,26.383206814176194,67.30519824407497,64.08716855045047,15.111802278916123,8
Tradução,Gemma,RUSSO,21.74308763025488,24.130509743639784,63.794326197437655,8.122647641862866,8
Tradução,Gemma,ÁRABE,102.27994564402069,100.05218422359398,96.5929132140875,8.695009232471993,8
Tradução,Gervasio,ESPANHOL,-29.364419940827432,9.477384586219216,-12.80962973101711,5.149379854457136,8
Tradução,Gervasio,FRANCÊS,-41.37884940171379,7.986167813689224,-19.510075263653377,3.9705597861458104,8
Tradução,Gervasio,GALEGO,7.496503499236548,14.103514833493346,10.939928215790726,5.243807844442227,8
Tradução,Gervasio,INGLÊS,0.8867104461047524,9.84961169765885,-17.2185563354584,4.812287173116744,8
Tradução,Gervasio,MANDARIM,28.00958162754974,51.76713299605263,59.31815854371708,15.979112458829825,8
Tradução,Gervasio,RUSSO,-5.936890638983892,17.47856673476432,37.72536898911886,8.799027937874861,8
Tradução,Gervasio,ÁRABE,87.9750064817887,99.3553058330297,81.75222863274301,14.951475207443279,8
Tradução,Qwen,ESPANHOL,135.16875543246152,64.53519725583388,7.21115794889473,4.48422052082686,8
Tradução,Qwen,FRANCÊS,-63.02078071577208,14.657799268941966,-13.64125439383265,3.5169413820185293,8
Tradução,Qwen,GALEGO,125.46414423660897,68.06972598176239,16.5363648694404,4.010915953116261,8
Tradução,Qwen,INGLÊS,-74.90462067758128,10.531615184250095,-32.87241065604343,4.755613032356345,8
Tradução,Qwen,MANDARIM,-47.345365204992376,26.362716189628348,36.6791698272164,23.139555484635395,8
Tradução,Qwen,RUSSO,90.63981504154559,58.31778085471485,53.07634209269594,7.640356740091859,8
Tradução,Qwen,ÁRABE,53.234901500407354,76.52983563079033,57.10170880847521,8.721599491602328,8
Tradução,Sabia,ESPANHOL,1.4563583533796884,10.244285982749574,-1.6094754643659643,4.867483921402461,8
Tradução,Sabia,FRANCÊS,-6.168692051114694,11.309006421371443,-6.268413081556025,4.857104824074572,8
Tradução,Sabia,GALEGO,212.09929388846123,27.67653992458968,56.56395240621792,5.796307274570989,8
Tradução,Sabia,INGLÊS,23.46482718251679,11.112889834834993,-11.079865948555103,4.327967785251282,8
Tradução,Sabia,MANDARIM,167.42670290553463,82.9150733706054,101.83361794340321,19.296339737237748,8
Tradução,Sabia,RUSSO,279.9902186200426,208.09616738301344,102.7294296732625,14.260946486287525,8
Tradução,Sabia,ÁRABE,399.8973745098665,147.09236762962712,141.92130801098253,16.95425130121008,8
Tradução,Tucano,ESPANHOL,-39.138040687921226,8.728725704783086,17.079536155776708,6.5805882534935325,8
Tradução,Tucano,FRANCÊS,-53.09684982259791,11.594520887296673,23.71070198764806,8.24810330300331,8
Tradução,Tucano,GALEGO,77.21215738500754,26.248054836831844,52.166255579830946,6.536289362598248,8
Tradução,Tucano,INGLÊS,-53.62078001811061,7.708073375752205,15.259667475468827,7.926424922101398,8
Tradução,Tucano,MANDARIM,20.995266157270176,37.07724080858619,123.08909816477083,20.37391055258124,8
Tradução,Tucano,RUSSO,371.6456940010753,105.32134267797449,189.37782585933894,23.771690305382275,8
Tradução,Tucano,ÁRABE,179.96675316848075,108.4539471041127,170.2515592225847,19.154418198977393,8
Grammar swap,BODE,ESPANHOL,2.658676712112973,,-3.8128092793369928,,1
Grammar swap,BODE,FRANCÊS,-4.50389221876128,3.4098251390772756,0.039893918476890944,1.1671350951440675,2
Grammar swap,BODE,GALEGO,-25.54550742838598,,-10.199614929912649,,1
Grammar swap,BODE,INGLÊS,-18.799743333607395,14.830407768911455,-4.551116434416936,9.459798849662883,3
Grammar swap,BODE,MANDARIM,154.3338500086824,50.22289870329139,28.809393643666198,16.75687652507206,3
Grammar swap,BODE,RUSSO,49.950076270839055,15.154207350774154,23.415176240888968,13.038044338321889,3
Grammar swap,BODE,ÁRABE,38.66452783845612,27.736301471615274,22.26290320449451,9.475468040397814,3
Grammar swap,Cabrita,ESPANHOL,32.1190940517077,,13.993785211179798,,1
Grammar swap,Cabrita,FRANCÊS,67.81134766125055,7.911649130154157,19.4206941697307,0.6354752502855142,2
Grammar swap,Cabrita,GALEGO,32.65056328385785,,8.31405429350398,,1
Grammar swap,Cabrita,INGLÊS,45.25250186535237,24.945669596622757,10.893114336104167,7.949505517330212,3
Grammar swap,Cabrita,MANDARIM,592.3980488270794,222.05831619315117,48.63609453146902,10.320205568756712,3
Grammar swap,Cabrita,RUSSO,111.30042453042722,26.22086642391581,38.603786498783336,5.96498298280923,3
Grammar swap,Cabrita,ÁRABE,90.14278993615937,62.02986022820195,37.11768929447606,4.634394020525961,3
Grammar swap,Gemma,ESPANHOL,3.0720946598335575,,-0.15959289387522668,,1
Grammar swap,Gemma,FRANCÊS,-5.854097962686744,2.889992328294148,4.328541266545183,2.7372204510773273,2
Grammar swap,Gemma,GALEGO,-23.745566835735765,,-5.865586421886071,,1
Grammar swap,Gemma,INGLÊS,-14.06663376508999,22.919727149965112,-0.5016500132495546,9.977893015773292,3
Grammar swap,Gemma,MANDARIM,534.1723514320515,202.2173838241149,39.906060744811576,16.035484325230517,3
Grammar swap,Gemma,RUSSO,53.07121043089537,5.03281405861368,26.358951850801787,11.101338130219583,3
Grammar swap,Gemma,ÁRABE,41.75129400479363,42.22406154362307,26.77086690566026,9.387212689386034,3
Grammar swap,Gervasio,ESPANHOL,19.859645474135412,,4.789315896487456,,1
Grammar swap,Gervasio,FRANCÊS,16.11157845284268,5.071148576957585,7.795602975735372,0.36378779016196283,2
Grammar swap,Gervasio,GALEGO,-7.474372338841784,,-2.038526991290157,,1
Grammar swap,Gervasio,INGLÊS,0.2595797393814803,17.172931721873383,2.201519236755445,9.77024960747472,3
Grammar swap,Gervasio,MANDARIM,236.32446735684184,73.41955298659767,39.294866415031215,17.493722034817264,3
Grammar swap,Gervasio,RUSSO,81.12607031884846,15.20437906349363,29.81987495545688,10.398373692730784,3
Grammar swap,Gervasio,ÁRABE,81.30830180518105,26.559309751618006,31.244746983781095,9.159778317627154,3
Grammar swap,Qwen,ESPANHOL,19.96393871724036,,-0.9087235990576259,,1
Grammar swap,Qwen,FRANCÊS,39.826313269441705,55.53033683400653,3.900313348389445,5.581979376016028,2
Grammar swap,Qwen,GALEGO,-19.01132550764144,,-4.185268177926527,,1
Grammar swap,Qwen,INGLÊS,67.82678799094161,34.74862999100829,4.80431928970749,3.4903433690632317,3
Grammar swap,Qwen,MANDARIM,353.3940278181203,37.66563495816448,12.763939093381309,7.178472968501728,3
Grammar swap,Qwen,RUSSO,98.69205151934098,61.17248186440672,14.09815329160906,9.951180545541142,3
Grammar swap,Qwen,ÁRABE,130.76245965643807,30.239542127154415,17.67611386890564,9.185699027864548,3
Grammar swap,Sabia,ESPANHOL,36.23223162719489,,12.10888240986372,,1
Grammar swap,Sabia,FRANCÊS,33.960071465667674,9.120579111373923,15.24106551163098,0.669963462460876,2
Grammar swap,Sabia,GALEGO,6.683351262638659,,3.1135210322360773,,1
Grammar swap,Sabia,INGLÊS,10.99899873759901,18.9112679912896,7.072650554897002,10.174666576993541,3
Grammar swap,Sabia,MANDARIM,205.81245628753322,55.09123646900531,45.89109210267163,16.453769002288425,3
Grammar swap,Sabia,RUSSO,82.84661169655732,16.08169337019941,36.54366269567501,11.603464807628361,3
Grammar swap,Sabia,ÁRABE,76.56947808007625,35.40099344912858,36.86224558305239,8.529830960082746,3
Grammar swap,Tucano,ESPANHOL,35.75374064849439,,15.964523319152768,,1
Grammar swap,Tucano,FRANCÊS,81.33248413467686,2.8697027874457786,20.614636263640328,4.372509410401006,2
Grammar swap,Tucano,GALEGO,24.5240040022094,,4.584538389326687,,1
Grammar swap,Tucano,INGLÊS,62.51744655708052,38.94416780675464,12.507238907033846,9.935305830215485,3
Grammar swap,Tucano,MANDARIM,841.9498640330113,298.9514419407661,54.95118419708558,15.007091605965735,3
Grammar swap,Tucano,RUSSO,238.15860563255714,19.672531629115593,49.643972434793305,15.822188639233124,3
Grammar swap,Tucano,ÁRABE,194.23943338623027,104.11210420422891,46.69121622802089,7.2370487483481725,3
Lexical swap,BODE,ESPANHOL,15.240807347128454,12.60439731278202,-0.9812041906361202,3.974241332177772,8
Lexical swap,BODE,FRANCÊS,28.487105864643272,29.626766718356475,-1.267737612150313,6.959384309965153,8
Lexical swap,BODE,GALEGO,189.8573506160988,18.54119582663795,40.12500685942551,6.620733854263126,8
Lexical swap,BODE,INGLÊS,87.83899587929412,41.87569264566721,-3.32449734204385,7.824786648628468,8
Lexical swap,BODE,MANDARIM,44.80758104037128,33.276654873177385,61.73860800593728,14.479284964151073,8
Lexical swap,BODE,RUSSO,70.93556796104787,25.547109492055046,57.42076347934555,9.00076824468,8
Lexical swap,BODE,ÁRABE,208.79173730873165,95.12183758841093,100.02103521900997,23.749399780480964,8
Lexical swap,Cabrita,ESPANHOL,-13.444085096889898,14.216483176321216,13.243088896082616,4.006258973862239,8
Lexical swap,Cabrita,FRANCÊS,-13.822053317600437,14.09168612548529,20.80606155981641,5.618016864552381,8
Lexical swap,Cabrita,GALEGO,122.72896717849417,32.12850458554243,42.047354226617806,5.979882919124716,8
Lexical swap,Cabrita,INGLÊS,93.00016655046714,34.24912411729349,11.128180274520986,7.980975494781561,8
Lexical swap,Cabrita,MANDARIM,33.03274862345628,68.87672085078258,99.023012111878,11.321215561135375,8
Lexical swap,Cabrita,RUSSO,189.8192168837715,63.09664801572142,121.29967015880757,8.691110485684458,8
Lexical swap,Cabrita,ÁRABE,264.58301110554197,84.75144014314631,148.54310588095836,21.065896932430462,8
Lexical swap,Gemma,ESPANHOL,43.50589165897826,29.45558189253429,3.2962013364606135,5.368711717251543,8
Lexical swap,Gemma,FRANCÊS,11.199220209439584,35.1925553531638,2.0653727289358033,7.51086770341377,8
Lexical swap,Gemma,GALEGO,114.77416397175924,37.34376821164147,27.246065118590998,4.611892649932546,8
Lexical swap,Gemma,INGLÊS,36.99240788118757,34.917053002750464,3.985601844731869,7.885418388742822,8
Lexical swap,Gemma,MANDARIM,28.41563642684938,65.5880291063275,64.94253303822983,13.87898564514519,8
Lexical swap,Gemma,RUSSO,44.43705058634728,37.933007624374,67.46232155270039,9.046040373274714,8
Lexical swap,Gemma,ÁRABE,176.29463624633058,117.83346613980278,111.91585627520338,23.14911092228048,8
Lexical swap,Gervasio,ESPANHOL,27.570120957111136,11.40196762817879,3.7248522652217186,3.3292645130687912,8
Lexical swap,Gervasio,FRANCÊS,30.501093400741013,28.131698296700595,4.677416998212933,7.266124297414725,8
Lexical swap,Gervasio,GALEGO,51.859808256020465,16.484916306964884,20.307617287041023,2.452050281610752,8
Lexical swap,Gervasio,INGLÊS,155.95738973669145,58.66146478262664,7.62588787092643,8.140663403026156,8
Lexical swap,Gervasio,MANDARIM,26.738589239898467,37.68738768306541,60.95574875312998,12.22529842283961,8
Lexical swap,Gervasio,RUSSO,21.483808122926835,23.193439584839187,49.04608842334636,9.954056983341875,8
Lexical swap,Gervasio,ÁRABE,197.72670939137066,111.31324533902935,108.93846093976813,27.214136774844587,8
Lexical swap,Qwen,ESPANHOL,254.84766786904055,89.46576285564943,9.59196663996277,2.945710381661407,8
Lexical swap,Qwen,FRANCÊS,-35.40577922013843,16.7692063811139,-9.16656749519273,3.078349159335695,8
Lexical swap,Qwen,GALEGO,126.75523159837994,52.421592039019544,14.284006281510342,3.524656975977463,8
Lexical swap,Qwen,INGLÊS,8.073022991937764,83.5618138485205,-20.60039665200845,7.341660275141818,8
Lexical swap,Qwen,MANDARIM,-36.739988728615856,47.28749517995133,36.901664929757686,23.60577276222625,8
Lexical swap,Qwen,RUSSO,94.72654948919143,53.34068507089852,52.55947071387862,5.663461237714748,8
Lexical swap,Qwen,ÁRABE,61.6000842050283,75.90112515596022,56.735845856733924,10.354658060294204,8
Lexical swap,Sabia,ESPANHOL,48.59527325835589,9.771937936298915,10.822058478692925,2.5181104009522626,8
Lexical swap,Sabia,FRANCÊS,92.38029656891506,36.139336073800564,17.349021595242526,7.348321927705864,8
Lexical swap,Sabia,GALEGO,226.20440612563957,26.20769091169687,54.23315077842315,6.1101592099795266,8
Lexical swap,Sabia,INGLÊS,193.11826533754433,61.00641776221963,16.580252485479523,8.69818788536269,8
Lexical swap,Sabia,MANDARIM,172.89549097668524,92.37539810323345,105.11024216082652,16.549611337222686,8
Lexical swap,Sabia,RUSSO,229.8452882074894,47.756314329629646,102.47656248204105,9.560033908133486,8
Lexical swap,Sabia,ÁRABE,539.0070371792356,244.3872544672234,160.1907360361664,33.597120332682955,8
Lexical swap,Tucano,ESPANHOL,-27.882404666095432,8.951362516206,23.336888571168146,3.7008418497387052,8
Lexical swap,Tucano,FRANCÊS,-37.04819473935706,15.214219728265432,35.746126108234854,9.170207065184764,8
Lexical swap,Tucano,GALEGO,89.89477924837276,32.7970815660961,50.287503420444516,6.2042413821644935,8
Lexical swap,Tucano,INGLÊS,-18.96819116136793,20.170442601193894,36.16343543188542,13.1589931505095,8
Lexical swap,Tucano,MANDARIM,25.152702361937543,32.94962562044408,119.79116961582233,16.6488768926534,8
Lexical swap,Tucano,RUSSO,298.26401934555645,52.09586501408761,180.71167262141958,18.007261815800096,8
Lexical swap,Tucano,ÁRABE,233.95227523321827,107.21517724578493,179.34583447269907,30.599537247421072,8
