Scenario,Language,ppl_delta_mean,ppl_delta_std,bpb_delta_mean,bpb_delta_std,n
Tradução,ESPANHOL,-5.54697627071053,64.57653645924142,-1.9796252914986392,13.02538741311445,56
Tradução,FRANCÊS,-44.330366955690984,21.221491582319214,-7.450585930925152,16.677149550414587,56
Tradução,GALEGO,103.7171325309295,75.555224229951,34.275358505233356,18.180544547591406,56
Tradução,INGLÊS,-28.76542400259135,33.97500306834448,-15.409411430415787,15.506937607196418,56
Tradução,MANDARIM,38.82392061117917,79.29979405073486,77.97529663375815,33.08951553989545,56
Tradução,RUSSO,145.1840779011125,160.35981525467318,89.56215170082052,51.65193480174303,56
Tradução,ÁRABE,167.37515536119886,152.53584315654342,110.35582161684013,40.39040529056037,56
Grammar swap,ESPANHOL,21.379917412959895,14.332395685861638,5.996483009201985,7.99936156859807,7
Grammar swap,FRANCÊS,32.66911497177592,36.02921586164762,10.1915353505927,8.153575115155432,14
Grammar swap,GALEGO,-1.702693365985581,23.542800455782167,-0.8966975437069513,6.510457608967568,7
Grammar swap,INGLÊS,21.998419684522517,40.62818134470106,4.632296553833065,9.4753002638906,21
Grammar swap,MANDARIM,416.91215225190285,274.76882595972916,38.60751867544522,18.105586026650798,21
Grammar swap,RUSSO,102.16357862849509,65.09585850717743,31.211939709715477,14.573592935167385,21
Grammar swap,ÁRABE,93.3483263867621,68.27482882064905,31.232254581198692,11.73434634348009,21
Lexical swap,ESPANHOL,49.77618161823271,95.0823919963367,9.004835999564667,8.313083719309066,56
Lexical swap,FRANCÊS,10.898812680949002,49.28051303498015,10.029956269014212,15.789148807687756,56
Lexical swap,GALEGO,131.72495814210927,63.17149951603014,35.50438628172191,15.032804702772589,56
Lexical swap,INGLÊS,79.43029388796492,86.94589911892324,7.365494844784562,18.381132988971192,56
Lexical swap,MANDARIM,42.04325142008319,80.5644464950351,78.35185408794023,31.68426537410035,56
Lexical swap,RUSSO,135.64450008519012,106.59082470274603,90.13950706164844,46.23925070555112,56
Lexical swap,ÁRABE,240.27935580992244,184.1908295373138,123.67012495436276,45.68095485522447,56
