text,lemma,VerbForm,Mood,Tense,Person,Number,Gender,Voice
correu,correr,Fin,Ind,Past,3,Sing,,
jogava,jogar,Fin,Ind,Imp,3,Sing,,
tenho,ter,Fin,Ind,Pres,1,Sing,,
adoro,adorar,Fin,Ind,Pres,1,Sing,,
feitas,fazer,Part,,,,Plur,Fem,
tive,ter,Fin,Ind,Past,1,Sing,,
aprender,aprender,Inf,,,,,,
mudei,mudar,Fin,Ind,Past,1,Sing,,
procurando,procurar,Ger,,,,,,
sei,saber,Fin,Ind,Past,1,Sing,,
chamam,chamar,Fin,Ind,Pres,3,Plur,,
procurei,procurar,Fin,Ind,Past,1,Sing,,
achei,achar,Fin,Ind,Past,1,Sing,,
sabe,saber,Fin,Ind,Pres,3,Sing,,
chamam,chamar,Fin,Ind,Pres,3,Plur,,
sei,saber,Fin,Ind,Pres,1,Sing,,
usado,usar,Part,,,,Sing,Masc,
decorar,decorar,Inf,,,,,,
chamados,chamar,Part,,,,Plur,Masc,Pass
encontrei,encontrar,Fin,Ind,Past,1,Sing,,
puder,poder,Fin,Sub,Fut,3,Sing,,
ajudar,ajudar,Inf,,,,,,
agradeco,agradecer,Fin,Ind,Pres,1,Sing,,
tem,ter,Fin,Ind,Pres,3,Sing,,
acho,achar,Fin,Ind,Pres,1,Sing,,
tem,ter,Fin,Ind,Pres,3,Sing,,
costumam,costumar,Fin,Ind,Pres,3,Plur,,
usar,usar,Inf,,,,,,
Procure,procurar,Fin,Sub,Pres,3,Sing,,
encontrará,encontrar,Fin,Ind,Fut,3,Sing,,
